group_id,group_name,description
0,型ヒントとアノテーション,"このグループは、Pythonの型ヒント、アノテーションの評価方式、そしてそれに基づくジェネリクスや静的型検査の拡張を扱っています。特に型ヒントに関するPEP 484、変数アノテーションに関する526、関数アノテーションに関する3107が土台になっており、Pythonの型システムと開発支援機能の中核にあたる領域です。

グループ内では、PageRankとin-degreeがともに高い型ヒントに関するPEP 484が最も重要な参照先になっており、多くの提案がここを前提に広がっています。アノテーション評価方式に関する563と649も接続が多く、前者から後者や749へ参照が伸びていて、実行時評価と遅延評価の設計がこの群の大きな論点だとわかります。さらに、構造的部分型に関する544、可変長ジェネリクスに関する646、型パラメータ構文に関する695などが484を参照しながら周辺にまとまり、基礎仕様の上に新しい型表現を積み上げる形になっています。作成時期は2006年の関数アノテーションに始まり、2014年以降に密集し、2024年以降のDraftも含むため、長期にわたり更新が続く分野と見てよさそうです。

全体ネットワーク図では、このグループは全PEP群のかなり中心寄りに密集しており、Python全体の中でも他分野への関連が大きい基盤的な話題を担っていることがうかがえます。

このグループのPEPを読むことで、Pythonで型ヒントがどう設計され、どう拡張されてきたかの流れをつかめるはずです。"
1,Pythonパッケージングとpyproject.toml標準化,"このグループは、Pythonパッケージの依存関係、ビルド方式、配布メタデータ、インストール記録をどう標準化するかを扱う提案群です。特に依存関係記述に関するPEP 508、ビルド分離に関する517、518、プロジェクトメタデータに関する621が主題を形作っており、Pythonのパッケージ管理と配布基盤に関係します。

グループ内では、PageRankとin-degreeが高い依存関係記述に関するPEP 508と、ビルドインターフェースに関する517が主要な参照先になっています。そこにビルド要件に関する518と、pyproject.tomlのメタデータに関する621が密に結びつき、依存関係の書き方、ビルド設定、配布メタデータを一体で整える構造が見えます。引用関係では、621が508、517、518を参照しつつ pyproject.toml 上の依存関係表現に関する631、633へ話題を広げています。2020年以降のPEPが多く、725、735、751、770、808のような新しめの提案が、外部依存、依存グループ、再現可能性、SBOM、動的メタデータ補完へと周辺領域を広げています。RejectedやWithdrawnも一定数ありますが、それらも標準化の分岐案として中心PEPの周囲に集まっています。

全体ネットワーク図では、このまとまりは全PEPの中でも中心近くの比較的密な領域にあり、Python本体機能というよりエコシステム運用を支える基盤的なテーマとして位置付けられます。

このグループのPEPを読むと、現代のPythonパッケージングが依存関係・ビルド・メタデータをどう整理してきたかを把握できるはずです。"
2,PyPIリポジトリAPIと配布セキュリティ,"このグループは、PyPIを中心としたパッケージ公開基盤の仕様を扱っています。主な話題は、パッケージインデックスの取得API、配布メタデータ、ミラー運用、公開フロー、そして署名やアテステーションを含む供給網セキュリティです。Pythonの機能領域としては、パッケージ管理と配布インフラに当たります。

グループ内では、シンプルなインデックスAPIに関するPEP 503、リポジトリ署名に関する458、JSON化に関する691のPageRankと参照数が高く、後続仕様の参照先になっています。引用関係を見ると、メタデータ配信に関する658が503を参照し、名称整理に関する714が658と691を参照し、HTML APIの整理に関する833が503、629、658、691、700、714、740、792をまとめて参照しており、API本体の拡張と整理が段階的に積み上がっています。セキュリティ面では、アテステーションに関する740が458、480、503、691を参照し、Trusted Publishing対応に関する807が740を参照していて、署名から公開証跡へ話題が広がっています。年代は2009年ごろのミラー関連やホスティング整理から始まり、2020年代前半はAPI拡張が多く、2024年以降は複数インデックス運用や名前空間、Wheel拡張まで広がっており、FinalやAcceptedの仕様を中心にDraftやWithdrawnが周辺で試行されている構造です。

全体ネットワーク図では、このまとまりは巨大な中心塊の周辺寄りにある一つの密集領域として見え、言語機能そのものよりも、Pythonエコシステムの配布基盤を支える実務的な仕様群として位置付けられます。

このグループのPEPを読むと、Pythonパッケージがインデックスでどう公開・取得され、どのように安全性と互換性を高めてきたかを俯瞰できそうです。"
3,反復処理とジェネレータの基盤機能,"このグループは、for文まわりの反復処理、イテレータ、ジェネレータ、内包表記を中心に、Python 2.2前後で進んだ言語コアの使い勝手改善をまとめたものです。特に内包表記に関するPEP 202、イテレータに関する234、ジェネレータに関する255が主題を形作っており、言語機能と組み込みの反復モデルに関係します。

グループ内では、PageRankとin-degreeが高い内包表記に関するPEP 202、イテレータに関する234、ジェネレータに関する255に参照が集まっています。引用関係を見ると、ジェネレータ式に関する289や辞書内包表記に関する274、列挙関数に関する279が、先行する反復処理の提案を参照しながら周辺機能を拡張しています。また、ループカウンタや整数ループに関する212、281、284、276は相互参照があり、反復構文の別案を比較する小さなまとまりを作っています。型オブジェクトに関する252、253と属性アクセスに関する213、231は少し離れた枝として見え、同時期の言語コア整理という文脈で入っているものの、主題はやや異なります。中心付近の提案はFinalが多く、作成時期も2000年から2002年に集中しています。

全体ネットワーク図では、このグループは巨大な中心塊の周辺にありつつも、Python初期の言語機能設計に関わるまとまりとして比較的密に集まって見えます。

このグループのPEPを読むと、Pythonの反復処理とジェネレータがどのように今の書きやすさに至ったかをつかめるはずです。"
4,Python 3移行と例外・バイト列再設計,"このグループは、Python 2から3への移行期に行われた言語仕様と標準ライブラリの整理を主題としています。特に、例外処理の再設計、バイト列まわりの型整理、互換性を意識した移行計画がまとまっており、Pythonのコア言語設計と移行戦略に関係する領域です。

グループ内では、Python 3移行計画に関するPEP 3000と、移行項目の整理に関する3100がPageRankで高く、全体の土台として目立ちます。引用関係を見ると、3100が標準モジュール整理に関する4、例外体系に関する352、print関数化に関する3105、例外捕捉に関する3110、バイト列設計に関する3137などを参照しており、個別変更を束ねる役割があります。例外処理まわりでは、例外連鎖に関する3134とその前身の344が相互に参照され、さらに409と415、490がこの話題を引き継いでいます。バイト列まわりでは、バイナリ型に関する358、3112、3137がまとまりを作っており、2005年から2008年ごろのPython 3.0前後に集中した提案が多い一方、2010年代には例外文脈の調整案が続いています。

全体ネットワーク図では、このグループは中心付近の密な領域にあり、Python全体の設計変更の中でも基盤的な話題に属するまとまりとして見えます。

このグループのPEPを読むと、Python 3がどのような方針で非互換変更を整理し、例外処理やバイナリデータ表現を作り直したかをつかめるはずです。"
5,Pythonガバナンスと選挙制度,"Python本体と周辺組織の意思決定体制、投票手続き、評議会選出を扱うグループです。言語運営に関するPEP 13がPageRankとin-degreeの両方で最も高く、投票手続きに関する8001、運営体制の採用案に関する8016がその周囲を固めています。機能領域としては言語仕様そのものではなく、Pythonコミュニティの運営ルールと制度設計に関係します。

グループ内では、言語運営に関するPEP 13に多くの参照が集まっています。年次選挙に関する8100〜8107は、いずれも13を参照し、13からも各選挙PEPが参照されていて、継続的な運営実務の系列を作っています。2018年に集中した複数の運営モデル案では、提案一覧に関する8000や投票手続きに関する8001が、採用案と不採用案の両方を参照して比較の土台になっています。また、採用された評議会モデルに関する8016と13の相互参照が目立ち、制度の確立点として読めます。周辺では、パッケージング組織の運営に関する609と772が入り、同じ統治テーマを別領域へ広げています。

全体の中では、このグループは大きな技術仕様クラスターの外縁寄りにまとまって見えますが、制度面の基盤として独立した塊を作っており、Python全体の運営ルールを支える位置にあるようです。

このグループのPEPを読むことで、Pythonがどのような合意形成と選挙制度で運営されているかをつかめます。"
6,C拡張APIとマルチインタプリタ,"PythonのC拡張モジュール、安定ABI、呼び出し規約、そして複数インタプリタの分離と実行モデルをまとめたグループです。機能領域としてはCPythonの実装寄りの拡張API設計に属し、安定互換性に関するPEP 384と、拡張モジュール初期化に関する3121、489が土台になっていると見られます。

グループ内では、PageRankとin-degreeが高い安定ABIに関するPEP 384が主要な参照先で、拡張モジュール初期化に関する489、モジュール状態アクセスに関する573、初期化と終了処理に関する3121にも参照が集まっています。引用関係としては、489が384と3121を参照し、573が489と3121を参照し、630が384、489、573を参照しており、拡張モジュールの初期化から状態分離へ話題が積み上がっています。2018年前後の関数・メソッド呼び出し規約まわりでは、リファクタリングに関する579、呼び出し規約に関する580、高速呼び出しに関する590が相互に参照し合う小さなまとまりがあります。さらに2022年以降は、複数インタプリタに関する554、734と、インタプリタごとのGILに関する684、オブジェクト寿命やAPI階層に関する683、689が結び付き、FinalのPEPが多い一方で、575、576、580、620のようなWithdrawnやRejectedの試案も周辺に見えます。

全体ネットワーク図では、このまとまりは巨大な中心部の近くにある中規模の実装系クラスタとして見え、Python本体の内部設計や拡張モジュール互換性の話題と広く関係しているようです。

このグループのPEPを読むことで、CPythonのC APIが互換性・性能・分離性をどう両立してきたかをつかめるはずです。"
7,パッケージメタデータと配布仕様,"Pythonパッケージのメタデータ、バージョン指定、依存関係、インストール記録、配布環境の扱いをまとめたグループです。主にパッケージ管理と配布仕様の領域に関係し、古いメタデータ仕様から近年の環境管理まで、2001年から2025年にわたる提案が含まれます。

グループ内では、パッケージメタデータの基礎仕様に関するPEP 241がPageRankとin-degreeの両方で最も高く、多くの後続提案の参照先になっています。メタデータ更新に関する241、314、345が密に結びつき、その周囲にバージョンと依存関係の仕様に関する440、インストール済み配布物の記録に関する376、メタデータ拡張に関する426、566が集まる構造です。引用関係を見ると、440が241、314、345、386、459を参照し、566も241、314、345、426、440を参照していて、初期仕様を土台に後期仕様が積み上がっています。ステータスはFinalだけでなくSupersededやWithdrawnも目立ち、標準化の試行錯誤が多かった領域だと分かります。

全体の中では、このまとまりは大きな中心塊の近くにあり、Python全体の仕様群の中でも、配布とインストールの基盤を支える実務寄りの集積として位置づけられます。

このグループのPEPを読むと、Pythonパッケージがどう記述され、比較され、配布され、環境に記録されるかの流れをつかめるはずです。"
8,制御構文とパターンマッチング,"Pythonの文法拡張、とくに条件分岐・代入・アンパック・パターンマッチングのような制御構文まわりを扱うグループです。中心にはパターンマッチング仕様に関するPEP 634、635、636と、その前段階の提案にあたる 622 があり、周辺には代入式に関するPEP 572、アンパック一般化に関する 448、dict演算子に関する 584 など、式や構文の表現力を広げる提案が集まっています。

グループ内では、PageRankが高いのは古いswitch/case系の提案に関するPEP 275、3103ですが、引用のまとまりとしてはパターンマッチング関連が最も密です。実際に、仕様に関する 634、動機づけに関する 635、チュートリアルに関する 636、旧提案の 622 が相互に参照し合い、2020年前後にまとまった文法設計の塊を作っています。とくにパターンマッチングの動機づけに関する 635 は out-degree が高く、古い分岐構文の案である 275、3103 や、関連する構文拡張の 584、617、640 を参照しており、新機能を既存の文法設計の流れに位置づけています。これに対して、switch/case系の 275 と 3103 は相互参照の対になっていて、後のパターンマッチング議論から参照される比較対象として置かれているように見えます。RejectedやSupersededも含まれますが、中心部にはFinalが多く、2020年の文法進化がこのまとまりの主軸です。

全体の中ではネットワーク中央付近にある比較的コンパクトな集まりで、Python全体の設計議論の中でもコア言語仕様に近い位置を占めていると見てよさそうです。

このグループのPEPを読むと、Pythonが新しい構文をどのような比較検討を経て言語仕様に取り込むのかをつかめます。"
9,Python 2.3〜2.4期の言語・実装改善,"このグループは、Python 2.3〜2.4前後に集中した、言語の基本型、ソースコード表現、実装最適化、標準機能追加をまとめた提案群です。特にグローバル変数やモジュール名前空間の最適化に関するPEP 266、267、280と、基本コレクションに関する組み込み集合型のPEP 218が、言語コアと実行性能まわりの話題として目立ちます。

グループ内では、PageRankとin-degreeの両方でグローバルアクセス最適化に関するPEP 266が最も参照を集めており、実装改善の主要な参照先になっています。これに対して、モジュール名前空間に関するPEP 267とグローバル最適化に関する280は、266を参照しつつ互いも参照しており、この話題の周辺でまとまりを作っています。また、Python 2.3と2.4のリリース計画に関するPEP 283、320はout-degreeが高く、この時期に採用候補だった複数の変更を束ねて参照しています。集合型、bool、逆順イテレーション、ロギング、pickle拡張、GIL取得簡略化、ソースコードエンコーディングなどは周辺に配置され、機能追加と実装改善が同居する構造です。

全体ネットワーク図では、このグループは巨大な中心塊のやや外縁にある時期別のまとまりとして見え、Python 2.x前半のリリース単位の開発トピックを切り出した集まりと考えられます。

このグループのPEPを読むことで、2000年代前半にPython本体がどのように性能改善と基本機能拡張を進めていたかをつかめます。"
10,標準ライブラリ拡張とランタイム機能,"このグループは、Python本体と標準ライブラリに新しい基本機能を加える提案を中心にまとまっており、列挙型、モジュール属性操作、タイムゾーン、メモリ管理、パッケージ導入など、言語コア周辺の実用機能が主題です。機能領域でいうと、標準ライブラリ設計、ランタイム挙動、モジュールシステム、配布環境の整備にまたがる、やや広めの実装寄りテーマです。

グループ内では、PageRankが高い列挙型に関するPEP 435とその前段の354が相互に参照しており、長く議論された言語機能の軸になっています。接続数では Python 3.4 のリリース計画に関する429の out-degree が突出しており、2013年前後に同時期の複数提案を束ねる役割が見えますが、これは話題の中心というより採用時期のまとまりを示しています。もう一つのまとまりとして、タイムゾーン改善に関する431と615が相互に参照し、615はパッケージ導入に関する453とモジュール属性操作に関する562も参照しており、標準ライブラリの使い勝手改善へ話題が広がっています。図でも大きめのノードが少数あり、その周囲に rejected や superseded の小さな提案が付く形で、Final の提案を中心に年代違いの関連案が集まっています。

全体の中では、このグループは巨大な中心領域の近くに位置しており、Python全体の基盤機能に関わるが、型ヒントや非同期処理のような単一テーマの大集団ではなく、標準ライブラリ拡張の中規模なまとまりとして見えます。

このグループのPEPを読むと、Pythonが日常的な基盤機能を標準化していく流れと、その周辺で却下案や置き換え案がどう出てきたかをつかめるはずです。"
11,互換性ポリシーと関連ガバナンス,"Pythonの後方互換性、廃止方針、公開APIの扱いを主題としつつ、周辺に型チェック上の互換性支援やC API運営が結びついたグループです。特に後方互換性ポリシーに関するPEP 387はPageRankとin-degreeが最も高く、型システムによる廃止通知に関する702や、標準ライブラリ整理に関する594もこの方針の具体化として読めます。機能領域としては、言語仕様の安定運用、標準ライブラリ管理、公開API設計、型ヒント運用、C API保守にまたがっています。

グループ内では、387に参照が集まっており、互換性ルールが基準点になっています。たとえば型システムによる廃止通知に関する702が387と594、698を参照しており、互換性方針と型チェック実務が結び付いています。型ヒント運営に関する729も387、647、698、702、727を参照しており、型ヒント系の小さなまとまりを互換性の話題へ寄せています。図でも387と702の近くに複数の提案が集まり、いっぽうでモジュール公開範囲に関する842と844の相互参照、C API運営に関する731と743、788、tarfile安全化に関する706と721のように、周辺に個別の枝が見えます。年代は2000年代初頭の標準ライブラリ整理から、2020年代の型ヒントとC API運営、2026年の公開API提案まで広がっています。

全体ネットワーク図では、このグループはネットワークの中心寄りに位置しており、Python全体の設計変更を支える横断的な運用ルールの集まりとして埋め込まれているように見えます。

このグループのPEPを読むことで、Pythonが互換性を守りながら機能追加・廃止・公開範囲の整理をどう進めるかをつかめるはずです。"
12,Python実行環境と配布運用,"Pythonのインストール方法、起動コマンド、仮想環境、ユーザー単位の配置、Windowsでのランチャーや登録、そして一部のTLS運用までを含む、実行環境まわりの運用設計が主題です。PageRankではUnix系の起動コマンドに関するPEP 394、ユーザー単位のsite-packagesに関する370、Python 2.7系のセキュリティ更新に関する466、Windowsランチャーに関する397、仮想環境に関する405が目立ち、2008年から2016年の提案が中心で、その後に2024年以降のWindows管理や仮想環境設定の更新案が続いています。

グループ内では、起動と環境管理の話題がまとまっており、起動コマンドに関する394がリリース方針の373、404とWindowsランチャーに関する397、仮想環境に関する405を参照して、運用上の前提を広く結び付けています。Windowsランチャーに関する397はin-degreeが高く、Windows登録に関する514、仮想環境対応のランチャーに関する486、新しいWindows用インストール管理に関する773、起動コマンドに関する394から参照されており、Windows側の要点になっています。仮想環境に関する405も394、486、838、439から参照され、さらに405が370を参照しているため、仮想環境とユーザー単位のパッケージ配置が近い話題として見えます。別のまとまりとして、TLS運用に関する466が373、476、493、546から参照され、543と748は統一APIの系譜として並んでいますが、全体としては実行環境の配布と安全な利用を支える周辺仕様として入っているように見えます。

全体の図では、このグループは巨大な中心塊の周辺にありつつ、インストール、起動、仮想環境、Windows運用という実務的な話題でまとまった小集団として見え、TLS系の一部はやや外側に伸びています。

このグループのPEPを読むことで、Pythonを各OSでどう導入し、どう起動し、どう安全に隔離して運用してきたかの流れをつかめます。"
13,Pythonリリース計画と機能導入方針,"このグループは、Python本体のリリース周期、各バージョンの公開計画、そして新機能や互換性変更をどのような方針で届けるかを扱う提案群です。とくに年間リリースに関するPEP 602がPageRankとin-degreeの両方で最も高く、話題の基準点になっています。

グループ内では、リリース周期に関する602、596、598、605、606、607、608が密に参照し合っており、2019年前後に機能投入の頻度や互換性の扱いを集中的に検討したまとまりが見えます。引用関係でも、各バージョンの公開計画に関するPEP 596、719、693、745、790、826が主に602を参照しており、年間サイクルが後続の運用ルールとして使われている構造です。リリース方式の代替案に関する598、605、606、608は相互参照が多く、採用案と不採用案を比較しながら議論が進んだ様子があります。一方で、構文や文字列APIに関する614、616は596から参照される周辺ノードで、その版の変更内容を示す補助的な位置づけです。古い方針文書として互換性変更に関する3002や設計原則に関する20も参照されており、新しい運用議論が以前の原則を踏まえていることも分かります。

全体ネットワーク図では、このグループはネットワーク中央付近の比較的まとまった領域にあり、Python本体の開発プロセスや言語進化の議論と近い位置を占めているようです。

このグループのPEPを読むことで、Pythonがどの頻度で進化し、その変更をどんな方針で安定運用しているかをつかめます。"
14,演算子拡張と実装最適化,"このグループは、None処理や存在確認、比較や真偽値演算子の拡張と、それを支えるインタプリタ最適化やUnicode内部表現の見直しをまとめたものです。言語仕様の提案と実装基盤の提案が同居しており、年代は2004年から2025年まで広く分布しています。

グループ内では、演算子設計に関するPEP 505、531、532、535、335が相互参照を持つ密なまとまりを作っています。PageRankではNone処理に関するPEP 505が最も高く、引用数ではUnicode内部表現に関する393のin-degreeが最も高いため、話題の中心は演算子設計と文字列実装の二つに分かれています。とくに505が531と532を参照し、532が335、505、531、535を参照し、535が335と532を参照しているため、新しい演算子案どうしを比較しながら検討している構造が見えます。もう一方では、Unicode実装に関する393に対して文字列内部表現の整理に関する623、624、756や、辞書版数と最適化に関する509、720が参照しており、さらに適応的インタプリタに関する659へは707、699、799が参照しています。

全体ネットワーク図では、このグループは全体の中心付近に細長く散らばっており、単一テーマの塊というより、言語機能の試案とCPython実装変更をまたぐ準周辺的な束として位置づけられます。

このグループのPEPを読むと、Pythonで新しい演算子を導入する難しさと、実装最適化が言語設計とどう並行して議論されるかをつかめると思われます。"
15,名前解決と将来互換の言語移行,"Pythonの言語仕様を段階的に変更する仕組みと、その変更が名前解決や実行時の振る舞いにどう影響するかを扱うグループです。とくに future 文に関するPEP 236、静的な外側スコープに関する227、名前空間の見え方に関する558、667、3104が主題を形作っており、言語進化の方針や後方互換性の設計も含みます。

グループ内では、PageRankとin-degreeが最も高い future 文に関するPEP 236が参照先として目立ち、静的スコープに関する227と合わせて初期の言語変更の土台になっています。引用関係を見ると、3104が227と3099を参照し、840が227と3104を参照しており、外側スコープからクラス名前空間まで名前解決の話題が後年に拡張されています。さらに、locals()の意味に関する558と名前空間ビューに関する667は相互に参照し、667が709を参照しているため、古いスコープ規則の話題が2020年代の実装整理や最適化寄りの議論にもつながっています。図でも236の周囲に複数のPEPが集まり、2000年前後のFinalが多い核と、2017年以降のWithdrawn・Draftを含む小さな派生部分に分かれて見えます。

全体ネットワーク図では、このグループは全体の中心付近に位置し、Python言語仕様の基盤的な話題として他分野とも近い場所にある小集団に見えます。

このグループのPEPを読むことで、Pythonが互換性を保ちながら名前解決や文法変更を導入してきた流れをつかめるはずです。"
16,CPython開発運用とリリース基盤,"このグループは、CPython本体の開発フロー、ソース管理の移行、課題管理、そしてリリース運用を扱う提案群です。特にリリース手順に関するPEP 101と、開発基盤の自動化や移行に関するワークフロー管理のPEP 462、リポジトリ移行に関するPEP 507、474、481がまとまっており、Pythonの開発プロセスやプロジェクト運営の機能領域に関係しています。年代は2000年代初頭のリリース運用文書から、2004年・2009年・2015年のVCS移行、さらに2024年の配布物署名見直しまで広がっています。 

グループ内では、PageRankが高いワークフロー自動化のPEP 462、Git/GitLab移行のPEP 507、リリース手順のPEP 101が目立ちます。引用関係を見ると、462、474、507の間で相互参照があり、開発基盤の再設計案どうしが密に結び付いています。そこにGitHub系の移行案であるリポジトリ移行のPEP 481と、移行完了を扱うPEP 512が加わり、バージョン管理とホスティング基盤の話題が一つの塊を作っています。別のまとまりとしては、リリース運用のPEP 101とマイクロリリースのPEP 102が相互参照し、バグ修正リリースのPEP 6や分散VCS選定のPEP 374から参照されています。図でもこのグループは複数の小さな密集から成り、単一の仕様よりも運用手順の更新履歴が集まった構造に見えます。 

全体ネットワーク図では、このグループは中心部近くにありつつも一塊の巨大クラスタではなく、CPython運営に関する実務的な話題として全体ネットワークの中核周辺に付いている位置付けです。 

このグループのPEPを読むことで、Python本体がどのように開発・移行・公開されてきたかの実務的な流れをつかめるはずです。"
17,importシステムとモジュール実行,"このグループは、Pythonのimportシステム、パッケージ構成、名前空間、`__main__`としてのモジュール実行をまとめた提案群です。特にimportフックに関するPEP 302がPageRankとin-degreeの両方で最も高く、周辺の設計変更や拡張の参照先になっています。

グループ内ネットワーク図では、import基盤に関する302に参照が集まり、モジュール実行に関する338、相対importに関する366、名前空間パッケージに関する420、importメタデータに関する451がその周囲にまとまっています。引用関係でも、366が302、328、338、3122を参照しており、import規則と実行時の主モジュールの扱いが密接に結び付いていることが分かります。420は302、382、395、402を参照し、名前空間パッケージの話題が過去の却下案や撤回案を踏まえて整理された流れを示します。2001年から2015年にまたがる提案で、Finalが中心ですが、RejectedやWithdrawnも多く、import機構の設計が長く試行錯誤されてきた領域だと見てよさそうです。

全体ネットワーク図では、このグループはネットワークの中心寄りに密集しており、Python本体の実行モデルやモジュール管理に関わる基盤的な機能領域を占めているように見えます。

このグループのPEPを読むことで、Pythonがモジュールを見つけ、読み込み、パッケージ化し、スクリプトとして実行する仕組みの変遷をつかめます。"
18,文字列フォーマットと補間構文,"Pythonの文字列フォーマット、補間、テンプレート文字列に関する提案群です。特に書式指定の基盤に関するPEP 3101、初期の補間方式に関する 215、f-stringに関する 498 が主題を形作っており、文字列処理と言語構文の両方にまたがる機能領域を扱っています。2000年代前半の基礎提案から、2015年以降のf-string系、さらに2024年以降の新しいテンプレート文字列や書式指定拡張まで、年代の広がりも見えます。

グループ内では、PageRankが最も高い書式指定の基盤に関するPEP 3101が複数の提案から参照されており、書式仕様の参照先として目立ちます。引用関係を見ると、f-stringに関する 701 が 498 と 536 を参照し、テンプレート文字列に関する 750 が 498、501、701 を参照していて、補間構文の発展が段階的に続いています。一般化されたテンプレート文字列に関する 501 は out-degree が高く、過去の補間方式や後続の構文提案を広く参照して比較検討の位置にあります。書式指定の細部では、桁区切りに関する 378 を符号付きゼロに関する 682 が参照し、さらに整数向け書式拡張に関する 786 が 682 と 3101 を参照しており、フォーマット仕様の細かな改善が枝として伸びています。

全体ネットワーク図では、このグループは全体の中心からやや外縁寄りにまとまって見えますが、周囲の言語機能提案とつながる独立した話題の束として位置づけられます。

このグループのPEPを読むと、Pythonで文字列をどう埋め込み、どう整形し、その構文がどう発展してきたかを追えます。"
19,コーディング規約と言語設計周辺,"このグループは、Pythonのコーディング規約と命名・記法の方針を軸に、標準ライブラリ整理、構文提案、Unicode識別子、安全な制御フローなど、言語と周辺エコシステムの設計判断をまとめたものです。PageRankとin-degreeが高いスタイルガイドに関するPEP 8が主な参照先で、C API側の規約に関する7や、識別子の国際化に関する3131も近い話題として目立ちます。Pythonの機能領域としては、言語仕様、コーディングスタイル、標準ライブラリ運用、パッケージ慣習にまたがっています。

グループ内では、スタイルガイドに関するPEP 8が11件から参照されており、図でも最大ノードとして密集の核になっています。Cコード規約に関する7は8と相互参照しており、Python本体と実装側の規約が結び付いていることが分かります。標準ライブラリ再編に関する3108は8、324、360を参照し、移行に関する364や命名規約に関する423がさらに3108を参照しているため、ライブラリ整理と配布慣習の小さなまとまりもあります。構文提案に関する3150と403は相互参照しつつ8も参照しており、さらにfinally節の制御フローに関する765が601を参照して8にも向くので、近年の文法・安全性議論も既存の規約へ接続しています。

全体ネットワーク図では、このまとまりはネットワーク中心部の近くにあり、Python全体の設計議論の中でも、広い話題から参照されやすい基盤的な規約群として位置付けられているようです。

このグループのPEPを読むことで、Pythonで何をどう書くべきかと、その背景にある設計判断の流れをつかめると思われます。"
20,クラス生成拡張とセキュア乱数まわりの周辺仕様,"このグループは、Pythonのクラス生成とオブジェクトモデルの拡張、および標準ライブラリのセキュリティ向け乱数・秘密情報処理という、やや離れた二つの話題が同居した周辺仕様のまとまりです。PageRankでは秘密情報管理に関するPEP 506と乱数既定値に関する504が大きく、機能領域としては言語仕様、クラスカスタマイズ、標準ライブラリのセキュリティAPIにまたがっています。

グループ内では、クラス生成まわりでクラスカスタマイズに関するPEP 487、422、属性定義順に関する520、メタクラスに関する3115が相互参照を含む密なかたまりを作っています。487はin-degreeとout-degreeの両方が高く、422が487を参照し、487が422と520、3115を参照しており、2010年代のクラス定義拡張が2007年の基盤仕様を踏まえて整理された流れが見えます。別の小さなかたまりとして、新しいsuperに関するPEP 3135と367、現在のモジュール・クラス・関数アクセスに関する3130がまとまり、3135 -> 367 -> 3130と3135 -> 3130という参照関係から、クラス文脈の扱いをめぐる検討が見て取れます。さらに、秘密情報管理に関するPEP 506と乱数APIに関する504、522、524は2015〜2016年に集中しており、506と504が相互参照し、522が506と524を参照し、524が522を参照するため、セキュリティAPI設計の議論が独立した小群として現れています。

全体ネットワーク図では、このグループは巨大な中心塊の外縁からやや上側に位置し、Python本体の主要仕様に接しつつも、局所的な話題ごとの結び付きで構成された補助的なまとまりに見えます。

このグループのPEPを読むことで、Pythonがクラス作成の拡張性と安全な乱数・秘密情報APIをどう整えてきたかを俯瞰できると思われます。"
21,UTF-8既定化とCPython起動設定,"このグループは、文字エンコーディングをUTF-8へ寄せる流れと、それを支えるCPythonの起動・初期化設定を主題としています。機能領域としては、文字列・I/Oまわりの実行環境設定、プラットフォーム互換、インタプリタ初期化に関係します。

グループ内では、UTF-8モードに関するPEP 540がPageRankとin-degreeの両方で最も高く、文字エンコーディング側の主要な参照先になっています。ロケール調整に関する538と、Windowsのコンソール・ファイルシステム対応に関する528、529が540の周辺でまとまり、UTF-8化の具体策を成しています。初期化設定に関する587はout-degreeが高く、432、538、540、552を参照して、起動時設定の観点から複数の話題を結び付けています。図でも540、538、587の近くに密集が見え、2016年以降のFinalが多い一方で、ループ制御やnoopに関する315、548、559は小さな別枝として入り込んでおり、主題からはやや外れる要素です。

全体の中では、このまとまりはネットワーク中央付近の実装・実行環境寄りの領域に位置し、周辺に少し枝を伸ばしつつも、全体としてはUTF-8化と起動設定の話題で比較的まとまった集団に見えます。

このグループのPEPを読むことで、Pythonが各環境でUTF-8を扱いやすくしていった流れと、その設定が起動時にどう整理されたかをつかめます。"
22,実行コンテキストとクリーンアップ管理,"このグループは、実行時のコンテキストをスレッド・コルーチン・ジェネレータ間でどう扱うかと、反復処理やオブジェクトの終了時にどう安全に後始末するかを扱う提案群です。特にコンテキスト変数に関するPEP 567、実行コンテキストに関する550、ジェネレータとコンテキスト変数の相互作用に関する568が主題を形作っており、Pythonの並行処理、非同期処理、ランタイム設計に関係します。

グループ内では、PageRankが最も高いコンテキスト変数に関するPEP 567が大きく、in-degreeも高いため主要な参照先になっています。引用関係でも567と実行コンテキストに関する550、ジェネレータ感度に関する568のあいだに相互参照があり、この話題の設計検討が集中的に行われていることが分かります。そこに、グローバルコンテキスト管理に関する521や、非同期ジェネレータの安全性に関する789が550、567、568、533を参照して加わり、コンテキスト伝播とクリーンアップ規則が近い話題として結び付いています。さらに、安全な終了処理に関する442、イテレータの決定的クリーンアップに関する533、凍結マッピングやfrozendictに関する351、416、603、814、839はやや周辺にあり、状態の固定化や後始末という観点で接続されていますが、主題はやはり実行時コンテキスト側にあります。

全体の中では、このグループはネットワーク中心部の近くにまとまっており、Python本体の実行モデルや非同期実行の設計に関わる、比較的基盤寄りの話題として位置付けられているように見えます。

このグループのPEPを読むことで、Pythonでコンテキストを安全に引き回し、非同期処理や後始末をどう設計してきたかをつかめるはずです。"
23,演算子拡張と数値表現,"このグループは、数値計算や配列処理で使う演算子の拡張と、それに隣接する比較・書式化まわりの表現を扱う提案群です。特に演算子設計に関するPEP 211、行列積演算子に関する465、要素単位演算に関する225が主題で、Pythonの数値演算、データモデル、科学技術計算寄りの機能領域に関係します。

グループ内では、PageRankが高い外積演算子に関するPEP 211、行列積演算子に関する465、要素単位演算に関する225が相互に参照し合っており、演算子の意味づけをめぐるまとまりが見えます。引用関係でも、225が211と465を参照し、465が211と225を参照し、211が209、225、465を参照しているため、配列演算と専用演算子の話題が密接です。多次元配列に関する209は207、208、211、225を参照しており、配列型の検討から比較や coercion モデル、演算子拡張へ話題が広がっています。別枝としては、バイト列の書式化に関する460と461が相互参照になっており、2014年前後の小さな局所クラスタを作っています。中心付近の主要ノードにはRejectedやWithdrawnも含まれ、古い演算子案を後年のFinalな提案が参照して整理している構図です。

全体ネットワーク図では、このグループは全体の中心近くにあり、Python本体の演算モデルや文法変更に関わる話題として、他の多くの提案群と近い位置にあるように見えます。

このグループのPEPを読むと、Pythonで数値演算の記法や意味をどう設計してきたかを把握できるはずです。"
24,実装情報とPython 3.2/3.3周辺の基盤整備,"Python本体の実装差異の扱い、標準ライブラリやイントロスペクションの基盤情報、そしてPython 3.2〜3.3期のリリース運営に関する提案がまとまったグループです。互換性や実装識別に関するPEP 399、3155、421が主な技術的な軸で、言語機能そのものよりも、実装基盤・開発運営・標準ライブラリ整備に関係する話題が多いです。

グループ内では、PageRankとin-degreeが高い互換性要件に関するPEP 399と完全修飾名に関する3155が主要な参照先になっています。引用関係を見ると、Python 3.3のリリース計画に関する398が362、399、417、421、3154、3155を参照しており、この時期の複数の基盤整備案を束ねる位置にあります。一方で、実装識別に関する421は399と3139を参照し、新しいビルド情報に関する739が421を参照し、完全修飾名のC APIに関する737が399と3155を参照しているため、2010年前後の基盤提案が2023年の新しい提案からも土台として参照されています。図でも少数の参照先に複数の提案が集まるまとまりが見えますが、話題は単一機能に閉じず、リリース計画や標準ライブラリ拡張の提案も含むやや複合的な構成です。

全体ネットワーク図では、このグループは巨大な中心領域の近くにある中規模のまとまりとして見え、Python本体の周辺基盤に関する提案群として全体の中核近くに位置しているようです。

このグループのPEPを読むことで、Python 3系の移行期に実装互換性や実装情報の公開方法がどう整理されたかをつかめると思われます。"
25,型ヒントの精密化とTypedDict拡張,"このグループは、型ヒントをより細かく表現するための仕組み、とくにリテラル型・final・TypedDictまわりの拡張を主題としています。Pythonの機能領域で言うと、静的型付け、API設計、型チェッカー向けの表現力向上に関係します。

グループ内では、PageRankが高いリテラル型に関するPEP 586とfinal修飾子に関する591が中心で、両者が相互に参照され、固定的な値や再代入不可といった制約を軸にまとまりが見えます。接続数では固定キー辞書の型に関する589のin-degreeが最も高く、個別必須項目に関する655、厳密な**kwargsに関する692、読み取り専用項目に関する705、追加項目の型付けに関する728、Callableでの展開に関する821へと話題が広がっています。図でも、586・591・589の周辺にTypedDict系のPEPが密集しており、2019年の基礎提案を土台に2021年以降の拡張が積み重なった構造です。一方で、ランタイム監査に関する578とセキュリティ透明性に関する551は相互参照の小さな対を作っており、型ヒント中心の塊からはやや離れた補助的な話題に見えます。

全体図では、このグループはネットワーク中央付近の大きな塊の外縁から中核へ接続する位置にあり、Python全体の中でも型ヒント拡張の一群としてまとまっているようです。

このグループのPEPを読むと、Pythonの型ヒントが基本的な注記から実用的で精密な設計記述へどう発展したかをつかめます。"
26,CPythonの対応プラットフォームと実行基盤,"CPythonの対応プラットフォーム拡張と、その上で必要になるビルド・実行基盤の整備を主題とするグループです。機能領域としては、CPython実装、移植性、WebAssembly系対応、モバイル対応、JIT、配布とビルド設定に関わります。PageRankとin-degreeではプラットフォーム方針に関するPEP 11が中心で、WASI対応に関する816もPageRankが高く、近年の実行環境拡張を代表しているように見えます。

グループ内の構造は、参照がプラットフォーム方針に集まる形が目立ちます。モバイル対応に関する738と730、Emscripten対応に関する776、JITに関する744、TLSのC APIに関する539、zlib必須化に関する775はいずれも11を参照しており、対応対象を増やす提案やビルド条件の変更が、既存のサポート方針を前提にしていることがわかります。加えて、WASI対応に関する816は11を参照し、11も816を参照していて、従来の方針文書と新しいWebAssembly系基盤の結び付きが見えます。周辺では、Emscriptenパッケージングに関する783が776を参照し、PyodideのFFI中核に関する818が776と783を参照していて、WebAssembly対応の上に配布や連携の話題が積み上がっています。JITまわりでも、JIT支援に関する836が11、744、774を参照し、774が744を参照しているため、実験段階からサポート可能な構成へ整理しようとする流れがあります。年代は2016年の539と2002年の11を除くと2023年以降に集中しており、新しい実行環境への対応がまとまって議論されているグループです。

全体ネットワーク図では、このまとまりはPEP 11を軸に全体の中心付近へ接続しつつ、WASI・Emscripten・モバイル・JITといった実装寄りの話題が一団としてぶら下がる位置にあり、言語仕様そのものよりもCPythonの展開先と運用基盤を支える領域として位置付けられます。

このグループのPEPを読むことで、Pythonがどの環境でどう動くかを支える実装上の判断軸をつかめるはずです。"
27,抽象型と数値モデル,"Pythonの抽象型、インターフェース、適応、汎用関数、数値型の設計をまとめたグループです。特に抽象基底クラスに関するPEP 3119と、数値の型階層に関する3141がPageRankと参照数の両面で目立ち、オブジェクトモデルと数値モデルを結びつける話題として見えます。Pythonの機能領域としては、データモデル、型システム、数値型設計、API設計に関係します。

グループ内では、抽象化の話題と数値型の話題がいくつかの小さなまとまりを作っています。抽象基底クラスに関するPEP 3119は3141と相互に参照し、さらに多重ディスパッチや適応に関する3124からも参照されていて、PageRankでも最上位です。数値側では有理数に関するPEP 239とリテラルに関する240が相互に参照し、239が3141と327を参照しているため、数値モデルの具体案から型階層や実装済みの数値型へ話題が伸びています。インターフェースと適応に関する245と246も相互参照があり、3124と443がそれらを参照していて、2000年代前半の未採用案が後年の抽象化機能の検討材料になっている構図です。年代は2000年から2013年にまたがりますが、中心部は2007年前後のFinalな提案に集まっています。

全体の図では、このグループはネットワーク中央付近の一角にまとまっており、Python本体の設計論の中でも周辺的ではなく、型やオブジェクトモデルの話題に近い位置にあると見られます。

このグループのPEPを読むことで、Pythonが抽象型と数値型をどう整理しようとしてきたかを把握できそうです。"
28,コンテキスト管理とジェネレータ制御,"このグループは、リソースの取得と解放を安全に扱う構文、ジェネレータを使った制御フロー、そしてそれらを応用した実行文脈の扱いを主題としています。Pythonでは文管理、コルーチン、ジェネレータ、サーバーインターフェース設計にまたがる機能領域に関係し、PageRankが最も高いwith文に関するPEP 343と、ジェネレータ拡張に関する342が中心に見えます。

グループ内では、with文に関する343がin-degreeとPageRankの両方で大きく、複数の提案から参照先になっています。たとえばジェネレータの後始末に関する325、匿名ブロック構文に関する340、ユーザー定義のwith文に関する346、同期化ブロックに関する319と310が、343や342を参照しており、資源管理の構文設計とジェネレータ制御の議論が密につながっています。342は288、325、340、343を相互に参照する位置にあり、ジェネレータ機能の拡張が文管理構文の成立にも関わっていたことが読み取れます。年代は2002年から2005年に集中しており、RejectedやWithdrawnも多い一方で、中心の343と342はFinalで、この時期に複数案を整理しながら現在の形に収束した流れが見えます。

全体ネットワーク図では、この集まりはネットワークの中心付近にまとまっており、Pythonの言語機能の基盤に近い話題として他の多くの提案群と隣接しているように見えます。

このグループのPEPを読むことで、Pythonでリソース管理とジェネレータ由来の制御構文がどう整理されてきたかをつかめるはずです。"
29,標準ライブラリ候補とシステムI/O基盤,"このグループは、標準ライブラリに追加するモジュールの扱いと、その周辺にあるファイルパス・文字エンコーディング・システムI/Oの基盤をまとめた提案群と見られます。手続きに関するPEP 2、試験導入の枠組みに関するPEP 411と408が制度面の軸になり、その周辺にパス操作、文字列とバイト列の境界、ネットワークや非同期I/Oなどの個別機能が配置されています。

グループ内では、PageRankが高いのは試験導入の枠組みに関する411で、参照先も多く、この話題の起点として扱われています。引用関係を見ると、411が手続きに関する2と、標準ライブラリ候補に関する368、3143、3144、3153を参照し、408も同じ候補群と2を参照しており、標準ライブラリ追加の進め方をめぐるまとまりが1つあります。別のまとまりとして、ファイルパスに関する519が文字処理に関する383とパスオブジェクトに関する428を参照し、428が先行案の355と411を参照しています。また383がWindowsのファイル名処理に関する277と文字変換エラー処理に関する293を参照しており、OS境界での文字処理の流れが見えます。ステータスはFinalだけでなくRejected、Deferred、Superseded、Activeが混在しており、2000年代前半から2010年代半ばにかけて、試行錯誤しながら整理された領域だと分かります。

全体ネットワーク図では、このグループはネットワークの中央付近に小さく固まっており、Python全体の中でも周辺的な単独話題ではなく、標準ライブラリ設計とシステム機能の接点にある中間的な位置を占めているようです。

このグループのPEPを読むと、Pythonが標準ライブラリへ機能を取り込む考え方と、パス・文字コード・I/Oまわりの設計判断をまとめて追えそうです。"
30,非同期処理とジェネレータ進化,"このグループは、ジェネレータを基盤にした非同期処理の言語構文と実行モデル、そしてそれを支える時間計測APIをまとめたものです。特にサブジェネレータ委譲に関するPEP 380、async/await構文に関する492、イベントループ基盤に関する3156が、非同期処理の機能領域で中心的な話題になっています。

グループ内では、PageRankとin-degreeが高い380に複数の提案が参照を集めており、ジェネレータ系の土台として読まれていることが分かります。492は380、479、3152、3156を参照しており、過去のジェネレータ設計案や例外処理の見直し、非同期I/O基盤を踏まえて現在の構文にまとまった構造です。さらに、非同期ジェネレータに関する525は380と492を参照し、非同期内包表記に関する530は492と525を参照していて、2015年以降に機能が段階的に拡張された流れが見えます。時間計測では3156が418を参照し、564が410と418を参照しており、非同期実行や性能計測の周辺で時刻APIの整備が一つの枝としてまとまっています。

全体ネットワーク図では、このグループは全体の中心付近に密集しており、Python本体の実行モデルや標準ライブラリの設計と近い位置にある主要領域の一つと見てよさそうです。

このグループのPEPを読むことで、Pythonの非同期構文がジェネレータからどう発展してきたかをつかめるはずです。"
31,バイナリ配布とプラットフォーム互換タグ,"Pythonパッケージのバイナリ配布形式、互換タグ、Linux系プラットフォーム識別をまとめたグループです。パッケージ管理と配布基盤の機能領域に属し、配布物をどの環境で安全に使えるかを表す仕様が主題です。

グループ内では、互換タグに関するPEP 425とバイナリ配布形式に関する427のPageRankとin-degreeが突出しており、相互に参照し合いながら多くの後続提案の基準点になっています。図でもこの2件が大きく、周囲にはLinux向け互換タグに関する513、571、599、600、656が集まり、既存仕様を拡張または更新していく流れが見えます。引用関係でも、571と599は425、513、3149を参照し、600は425、513、571、599を参照していて、Linuxバイナリ互換性の仕様が段階的に整理されてきたことが分かります。2010年から2024年まで年代は広いですが、中心は2012年以降の配布標準化で、Finalが多い一方、SupersededやDeferred、Draftも含まれ、仕様の更新が続く領域であることも表れています。

全体ネットワーク図では、このグループはPython全体の中でも周辺ではなく、パッケージ配布まわりのまとまりとして中核付近に位置しているように見えます。

このグループのPEPを読むと、Pythonの配布物が環境差をどう吸収し、特にWheelとLinux互換タグがどう設計されてきたかをつかめるはずです。"
32,PEP運用とDocstring文書化基盤,"このグループは、PEPそのものの運用ルールとテンプレート、およびPythonのdocstringをどう記述し処理するかという文書化基盤を扱っています。PEP運営に関するPEP 1、PEPテンプレートに関する12、インフラ運用に関する676と、docstring仕様に関する256、257、258、287が同居しており、Pythonの開発プロセスとドキュメント記述の機能領域にまたがるまとまりです。

グループ内では、PageRankとin-degreeが高いPEP 1と12が上位にあり、運用ルールと記述様式の参照先になっています。引用関係では、インフラ運用に関する676が1と12を参照し、1と12も相互に参照していて、PEP制度側の小さな核を作っています。一方で、docstring系では設計仕様に関する258が12、216、224、256、257、287を広く参照し、docstring記法に関する287が1、9、216、256を参照しており、初期の文書仕様案どうしが密に結び付いています。2000年から2002年の初期PEPが多く、RejectedやWithdrawnも目立つため、採用済みの規約だけでなく、文書化方式を探っていた過程が見えます。

全体ネットワーク図では、この集まりはネットワークの中心寄りに位置しており、Python全体の仕様追加というより、PEP作成と周辺文書基盤を支える土台として埋め込まれているように見えます。

このグループのPEPを読むと、Pythonコミュニティが提案書の書き方とdocstring文書化の形をどう整えてきたかをつかめるはずです。"
33,構文糖衣と関数・クラス定義の拡張,"このグループは、条件式・デコレータ・関数適用など、Pythonの文法をより表現力高くする提案を中心にまとまっています。関数やクラスの定義方法、式として書ける範囲、例外処理やスライス記法にまで話題が広がっており、言語仕様と基本構文の機能領域に関係するグループです。

グループ内では、条件式に関するPEP 308がPageRankとin-degreeの両方で最も高く、複数の提案から参照される主要な到達点になっています。関数デコレータに関する318とクラスデコレータに関する3129もPageRankが高く、318が308と3129を参照し、3133が3129を参照するため、定義時の振る舞いを拡張する話題のまとまりが見えます。一方で、Python 2.5 の変更項目をまとめたリリース関連の356はout-degreeが高く、308、309、341、353、357を参照しており、2003年から2007年ごろの文法・コア仕様変更を束ねる役割があります。ステータスはFinalが大半ですが、暗黙ラムダに関する312、例外を式に持ち込む463、役割分担に関する3133のようにDeferredやRejectedも含まれ、構文拡張の候補や周辺案も混ざっています。

全体ネットワーク図では、このグループは巨大な中心部の近くにあり、Python本体の言語設計に関わる提案群として、周辺的というより中核寄りの位置にあるように見えます。

このグループのPEPを読むと、Pythonが読みやすさを保ちながら構文をどう拡張してきたかを把握できそうです。"
34,例外機構と診断情報の拡張,"このグループは、Pythonの例外処理とデバッグ支援を中心に、トレースバックの表現、例外への付加情報、実行時監視、周辺の言語仕様変更をまとめたものです。特に例外グループに関するPEP 654がPageRankとin-degreeの両方で最も高く、この話題の基点になっています。

グループ内ネットワーク図では、例外機構に関する参照が一か所に集まっており、例外グループに関するPEP 654に対して、例外メモに関する678、扱いやすさの改善に関する785、リリース計画に関する664、例外時刻情報に関する830が参照しています。さらに830は例外情報の拡張だけでなく、低負荷監視に関する669と例外メモに関する678も参照しており、診断情報を広げる新しい提案として配置されています。実行時フックに関する523と低負荷監視に関する669は別の小さな流れを作っており、エラー表示に関する657も664から参照される形で隣接しています。2016年の数値リテラルに関する515と互換タグに関する641、2024年のバージョニングに関する2026は主題からやや外れますが、図では小さな枝として分かれて見えます。

全体ネットワーク図では、このグループはネットワーク中心部の近くにまとまっており、Python本体の実行系やエラー報告に関わる話題として、全体の中でも周辺ではなく中ほどに位置する集まりに見えます。

このグループのPEPを読むことで、Pythonで例外をどう表現し、どう観測し、どう分かりやすくするかの流れをつかめると思われます。"
35,CPython C API・Stable ABI・Free-Threading,"CPython拡張モジュール向けのC APIとStable ABIを、free-threaded Pythonの時代にどう維持・拡張するかを扱うグループです。機能領域としては、Python実装の内部API、拡張モジュールの互換性、配布可能なバイナリ互換性に関係します。PageRankでは拡張モジュール入口に関するPEP 793、Stable ABIの保守に関する652、GIL任意化に関する703が上位で、2021年以降、とくに2025年前後に集中した新しい議論が多いです。

グループ内では、free-threaded向けStable ABIに関する803と将来のStable ABIに関する809が複数のPEPを参照しており、話題を束ねる参照元として見えます。803と809はいずれもStable ABIの保守に関する652、opaque型拡張向けの697、GIL任意化に関する703、対応基準に関する779、拡張モジュール入口に関する793を参照しており、ABI設計をfree-threading対応と拡張モジュール実装の両面から整理している構造です。一方で、PageRankでは793が最上位で、803と相互参照し、さらに統一スロット機構に関する820とも相互参照になっているため、新しい拡張モジュールの入口設計がこの話題群の受け皿になっていることがうかがえます。652は697から参照され、703は779から参照されており、ABIの安定化とfree-threaded対応方針のそれぞれで基盤的な文書になっています。Draftは809のみで、中心部はFinalが多いです。

全体ネットワーク図では、このグループは巨大な中心領域の近くにまとまっており、CPython本体の進化と拡張モジュール互換性の接点にある、実装寄りの小さな密集クラスタとして位置づけられます。

このグループのPEPを読むと、free-threaded時代のCPython拡張とABI互換性の設計課題をつかめるはずです。"
36,関数シグネチャと引数指定,"Pythonの関数定義と呼び出しにおける引数の扱いをまとめたグループで、特にキーワード専用引数、位置専用引数、タプル引数展開の廃止など、シグネチャの明確化に関わる話題が中心です。関数APIの設計や文法に関係する機能領域と見てよさそうです。

グループ内では、キーワード専用引数に関するPEP 3102がPageRankとin-degreeの両方で最も高く、複数の提案から参照される主要な参照先になっています。位置専用引数に関するPEP 570はout-degreeが高く、位置専用引数の記法に関する457と相互に参照しつつ、3102とタプル引数展開の廃止に関する3113も参照していて、この話題群を結びつける役割が見えます。タプル引数展開の廃止に関する3113は3102を参照し、さらにイテレータAPIの命名変更に関する3114が3113を参照しているため、2006年から2007年の文法整理の流れが一部まとまっている形です。2023年の短縮記法に関する736はRejectedで、3102だけを参照しており、中心テーマに近い新しい周辺提案として見えます。

全体ネットワーク図では、このグループは全体の中心付近にある大きな密集地の周辺上部にまとまっており、Python本体の言語仕様の中でも基礎的だが比較的限定された論点の集まりに見えます。

このグループのPEPを読むと、Pythonで読みやすく誤りにくい関数インターフェースをどう設計してきたかをつかめるはずです。"
37,バッファプロトコルと低レベルデータ受け渡し,"このグループは、Pythonのバッファプロトコルを中心に、低レベルなメモリ共有、シリアライズ時のデータ受け渡し、そしてC拡張向けの引数処理記述を扱う提案群です。特にバッファプロトコルに関するPEP 3118がPageRankとin-degreeの両方で最も高く、この話題の基盤になっています。

グループ内では、3118に対してアウトオブバンドなpickleデータ受け渡しに関する574と、Pythonレベルからのバッファ利用に関する688が参照しており、低レベルデータ操作の土台として使われていることが分かります。引数処理DSLに関する437は、3118とC API記述支援に関する436の両方を参照しており、C拡張の宣言的な記述とバッファ対応を結びつけようとした位置づけに見えます。図でも3118が大きく、周囲の少数PEPから参照を集めるまとまりになっています。ステータスを見ると、中心の3118、436、574、688はFinalで、2010年代後半から2020年代にその応用や公開範囲の拡張が続いた流れがあります。

全体ネットワーク図では、このグループはネットワーク中心部の近くにある小規模なまとまりで、Python本体の低レベル実装やデータ交換に関わる論点として他領域に埋め込まれているように見えます。

このグループのPEPを読むことで、Pythonでメモリ効率のよいデータ受け渡しをどう設計してきたかをつかめるはずです。"
38,Python 2.0周辺の小規模言語変更,"このグループは、Python 2.0の公開時期に出た小規模な言語仕様変更と、そのリリース計画をまとめた提案群です。主に文法や文字列表現の扱いに関わる内容で、Pythonの言語仕様とリリース管理の領域に関係します。

グループ内では、リリース計画に関するPEP 200が拡張出力構文に関する214と文字列エスケープ解釈に関する223を参照しており、話題としてはPython 2.0で取り込まれる個別変更を束ねる形です。PageRankでは214と223が同程度に高く、どちらもin-degreeが1で、グループ内では参照先として扱われています。一方で接続数では200のout-degreeが2で最も大きく、変更内容そのものよりも採用時期の整理役として置かれていると見られます。作成時期はいずれも2000年夏に集中しており、Finalが並ぶため、当時の確定済み変更のまとまりとして読みやすい構成です。

全体ネットワーク図では、このまとまりは大きな中心クラスタの外縁にある小さな島のように見え、PEP全体の中では限定的で時期依存の話題として位置づけられます。

このグループのPEPを読むことで、Python 2.0前後でどんな細かな言語変更が整理されていたかを手早くつかめます。"
39,UnicodeとI/O基盤,"このグループは、Unicode文字列の統合と新しいI/O設計を軸に、Pythonのテキスト入出力基盤を扱う提案群です。文字コード処理とストリーム処理の接点にある話題が中心で、Pythonの文字列処理とファイルI/Oの機能領域に関係します。

グループ内では、Unicode統合に関するPEP 100とI/O基盤に関する3116がともにFinalで、PageRankとin-degreeが高く、参照先として重要です。引用関係では、旧来のcodecストリームAPIの見直しに関する400が、100と3116を参照しており、文字エンコーディングの設計と新しいI/Oモデルの両方を前提に整理しようとしている構図です。ノード数は3件と小さく、相互参照が広がる形ではなく、Deferredの400から2つのFinal提案へ向かう単純な構造です。作成時期は2000年、2007年、2011年と少し離れており、初期のUnicode対応の上にI/O刷新が重なり、その後に周辺APIの整理が検討された流れが見えます。

全体ネットワーク図では、このまとまりは主集団の外縁にある小さな独立クラスタとして見え、Python全体の中では基盤寄りだが局所的な話題の集まりといえます。

このグループのPEPを読むことで、Pythonでテキストとバイト列をどう扱い、I/O APIがどう整理されてきたかをつかめると思われます。"
40,CPythonの課題管理移行,"このグループは、CPython開発で使う課題管理基盤を、既存のバグ追跡環境からGitHub中心の運用へ移すための方針と移行計画を扱っています。Python本体の言語機能というより、開発プロセスとプロジェクト運営の機能領域に関係する話題です。

グループ内では、GitHub課題運用方針に関するPEP 581と移行計画に関する588が、PageRankとin-degreeの両方で最も高く、相互に参照し合う構造になっています。この2件はいずれもFinalで、方針と実施計画が対になって整理されていることが読み取れます。改善案に関するPEP 595はWithdrawnで、581と588の両方を参照しており、既存システムの改良よりも移行路線が主な論点になった流れを示しているようです。図でも581と588が大きく、595がそれらに向けて参照する小さな周辺ノードとして見え、2018年から2019年に集中した短期間の議論である点も特徴です。

全体ネットワーク図では、このまとまりは本体の大きな技術クラスタからやや外れた位置にあり、言語仕様や標準ライブラリよりも、CPythonの運営基盤に関する比較的独立した話題として位置付けられていると見られます。

このグループのPEPを読むことで、CPythonが課題管理をどう整理し、どんな理由でGitHub移行を進めたのかをつかめるはずです。"
41,データベースAPI標準化,"Pythonからデータベースを扱うための共通インターフェース仕様をまとめたグループで、データアクセス層やライブラリ互換性に関わる機能領域に属します。

グループ内では、初期仕様に関するPEP 248と改訂仕様に関する249だけで構成されており、話題はかなり明確です。参照関係は249が248を参照する1本だけで、仕様の更新関係がそのまま表れています。PageRankとin-degreeでは248が高く、後続仕様から参照される基点になっています。一方で、利用面での現行標準としては改訂仕様の249が主題になると考えられ、どちらもFinalで、1996年から1999年のかなり古い時期に集中しています。

全体ネットワーク図では、この2件は大きな中心塊の外縁に小さくまとまっており、Python全体では独立した周辺テーマの一つとして位置付けられているように見えます。

このグループのPEPを読むことで、Pythonのデータベース接続APIがどのように標準化されたかを手早くつかめます。"
42,暗号ハッシュAPI,"このグループは、Pythonにおける暗号学的ハッシュ関数の標準API設計と、その改訂を扱う小さなまとまりです。セキュリティとバイナリデータ処理に関わる機能領域の話題で、ハッシュAPIの基礎に関するPEP 247と、その見直しに関するハッシュAPI改訂の452が主題です。

グループ内では2件だけが含まれ、ハッシュAPI改訂の452がハッシュAPI基礎の247を参照する単純な構造です。in-degreeとPageRankでは247が高く、後続提案から参照される基準文書として重要だったことがうかがえます。いっぽう452はout-degreeが1で、既存仕様を踏まえて更新する位置づけです。どちらもFinalで、2001年と2013年に分かれており、長い期間を隔てた仕様の継承関係が見えます。

全体ネットワーク図では、このまとまりは大きな中心集団から離れた周辺にあり、Python全体ではかなり限定された専門的テーマのグループに見えます。

このグループのPEPを読むことで、Pythonのハッシュ機能の標準APIがどう整理され、どう改訂されたかを把握できそうです。"
43,辞書ビューと反復処理の移行,"辞書の keys・values・items の振る舞い見直しと、Python 3 への辞書反復処理の移行を扱う小さなグループです。Pythonの組み込みデータ構造とイテレーションの仕様変更に関係します。

グループ内では、辞書ビューに関するPEP 3106がPageRankとin-degreeで上位にあり、参照先として中心になっています。引用関係は、移行方針に関する469が3106を参照する一方向だけで、基礎仕様とその後の移行検討という素直な構造です。作成時期は2006年と2014年で少し離れており、先に仕様変更があり、その後に移行上の整理が検討された流れが読み取れます。ステータスを見ると、基礎側はFinal、移行側はWithdrawnで、この話題では採用済みの仕様が軸になっていると見てよさそうです。

全体ネットワーク図では、このグループは本体の大きな密集部分の外側にあり、話題がかなり限定された周辺グループとして見えます。

このグループのPEPを読むと、辞書APIの変更が反復処理の書き方にどう影響するかをつかめそうです。"
44,文字列表現と str/repr の設計,"Python 3 への移行期に議論された、文字列表現の規則と str と repr の役割分担に関する小さなグループです。主にオブジェクトやコンテナを文字列化するときの一貫した振る舞いを扱っており、Pythonの文字列処理とデータモデルの境界に関係します。

グループ内では、文字列表現の基本方針に関するPEP 3138がPageRankとin-degreeで上位にあり、参照先として中心的です。もう一方のコンテナの文字列化規則に関する3140は3138を参照しており、個別の表示方針をその基本設計に照らして検討する構図になっています。ノードは2件だけで、参照関係は1本です。2008年5月に集中しており、Python 3 初期の表示仕様を詰める時期の話題だと見てよさそうです。なお、中心側はFinal、参照元側はRejectedで、採用された基本方針の周辺で代替案が検討されたこともうかがえます。

全体ネットワーク図では、このグループは大きな密集部から少し離れた小さなまとまりとして見え、PEP全体の中では限定的で専門的な表示仕様の論点を表しているようです。

このグループのPEPを読むと、Python 3における str と repr の考え方の違いをつかめると思われます。"
45,孤立した雑多な提案群,"Python本体の言語仕様、標準ライブラリ、実装内部、配布やドキュメント運営までをまたぐ、小規模で個別性の高い提案が寄せ集まったグループです。共通する単一テーマは薄く、未接続の周辺的なPEPをまとめた集合と見るのが自然です。

グループ内ネットワーク図ではノード間の線がなく、引用関係に基づくまとまりは見えません。表でも全PEPの in-degree と out-degree が 0 で、PageRank も計算不能になっており、PageRank上の中心PEPは特定できません。内容は、弱参照に関するPEP 205や暗号APIに関する272、コマンドライン解析に関する389、コンテキスト変数に関する555、型システムに関する800、デバッガ連携に関する768、ドキュメント体制に関する732・811など、機能領域が広く分かれています。作成時期も2000年初頭から2026年まで散っており、Final・Rejected・Withdrawn・Active・Draftが混在している点からも、同時期の連続した議論というより孤立した提案の集積と考えられます。

全体ネットワーク図でも、このグループはネットワーク中心部から離れた赤い孤立点として左側に並んでおり、PEP全体の引用構造の中では周辺に位置するクラスタだと読み取れます。

このグループのPEPを読むと、Pythonでは大きな潮流に乗らない個別改善案や運営提案がどのように現れてきたかを俯瞰できるかもしれません。"
