group_id,pep_count,density
0,37,0.07657657657657657
1,30,0.09080459770114943
2,30,0.07011494252873564
3,24,0.07065217391304347
4,24,0.07608695652173914
5,21,0.1523809523809524
6,21,0.1261904761904762
7,20,0.1394736842105263
8,20,0.11315789473684211
9,19,0.07894736842105263
10,19,0.06725146198830409
11,19,0.07017543859649122
12,18,0.08496732026143791
13,18,0.10457516339869281
14,18,0.0718954248366013
15,18,0.0915032679738562
16,17,0.09558823529411764
17,17,0.15808823529411764
18,17,0.11397058823529412
19,17,0.08088235294117647
20,16,0.10416666666666667
21,16,0.1
22,15,0.1
23,14,0.12087912087912088
24,14,0.09340659340659341
25,14,0.13736263736263737
26,14,0.0989010989010989
27,13,0.14102564102564102
28,13,0.23717948717948717
29,13,0.10897435897435898
30,13,0.12179487179487179
31,12,0.1893939393939394
32,11,0.21818181818181817
33,11,0.1
34,11,0.1
35,8,0.30357142857142855
36,6,0.23333333333333334
37,5,0.2
38,3,0.3333333333333333
39,3,0.3333333333333333
40,3,0.6666666666666666
41,2,0.5
42,2,0.5
43,2,0.5
44,2,0.5
