PEP,title,status,created,group_id,in-degree_group,out-degree_group,degree_group,pagerank_group,pagerank_cumsum
484,Type Hints,Final,29-Sep-2014,0,19,6,25,0.23196496651420215,0.9142809524271067
526,Syntax for Variable Annotations,Final,09-Aug-2016,0,9,1,10,0.10816742857302093,0.17027762467312346
3107,Function Annotations,Final,02-Dec-2006,0,7,0,7,0.09663557761291623,0.30993521700973026
563,Postponed Evaluation of Annotations,Superseded,08-Sep-2017,0,9,8,17,0.07488603955352816,0.5027469486830074
483,The Theory of Type Hints,Final,19-Dec-2014,0,3,2,5,0.04772526894107227,0.6823159859129045
482,Literature Overview for Type Hints,Final,08-Jan-2015,0,1,1,2,0.03932445634584772,0.6345907169718322
561,Distributing and Packaging Type Information,Final,09-Sep-2017,0,1,3,4,0.03932445634584772,0.4195646368150623
649,Deferred Evaluation Of Annotations Using Descriptors,Final,11-Jan-2021,0,9,4,13,0.03746704099567646,0.05564558318887755
557,Data Classes,Final,02-Jun-2017,0,4,1,5,0.027184041146072636,0.3603595816361811
544,Protocols: Structural subtyping (static duck typing),Final,05-Mar-2017,0,3,3,6,0.021796516586823512,0.206835026485589
560,Core support for typing module and generic types,Final,03-Sep-2017,0,2,3,5,0.01988059883303347,0.38024018046921454
637,Support for indexing with keyword arguments,Rejected,24-Aug-2020,0,2,3,5,0.019267094015340942,0.9935353870887751
695,Type Parameter Syntax,Final,15-Jun-2022,0,3,7,10,0.018326183507110315,0.5210731321901177
646,Variadic Generics,Final,16-Sep-2020,0,5,2,7,0.01817854219320109,0.01817854219320109
749,Implementing PEP 649,Final,28-May-2024,0,3,4,7,0.017169139581801475,0.9667046845202939
585,Type Hinting Generics In Standard Collections,Final,03-Mar-2019,0,4,1,5,0.014178964042835317,0.5665905036202462
696,Type Defaults for Type Parameters,Final,14-Jul-2022,0,2,2,4,0.01194456865361818,0.5330177008437359
604,Allow writing union types as ``X | Y``,Final,28-Aug-2019,0,3,4,7,0.0116939919144588,0.5952662606259845
612,Parameter Specification Variables,Final,18-Dec-2019,0,3,2,5,0.010887934433989076,0.9251688868610958
593,Flexible function and variable annotations,Final,26-Apr-2019,0,2,2,4,0.010517152180054497,0.5835722687115258
681,Data Class Transforms,Final,02-Dec-2021,0,2,2,4,0.010311097657928217,0.3267109275788834
613,Explicit Type Aliases,Final,21-Jan-2020,0,1,1,2,0.008689943150158665,0.9338588300112545
661,Sentinel Values,Final,06-Jun-2021,0,1,0,1,0.008296272314417008,0.17857389698754048
690,Lazy Imports,Rejected,29-Apr-2022,0,1,2,3,0.008296272314417008,0.42786090912947927
747,Annotating Type Forms,Final,27-May-2024,0,1,1,2,0.008296272314417008,0.9495355449384925
764,Inline typed dictionaries,Draft,25-Oct-2024,0,1,2,3,0.007563608553140205,0.9742682930734341
746,Type checking Annotated metadata,Draft,20-May-2024,0,1,2,3,0.007380442612821005,0.9412392726240755
638,Syntactic Macros,Draft,24-Sep-2020,0,0,1,1,0.0064646129112250015,1.0
671,Syntax for late-bound function argument defaults,Draft,24-Oct-2021,0,0,3,3,0.0064646129112250015,0.1850385098987655
673,Self Type,Final,10-Nov-2021,0,0,2,2,0.0064646129112250015,0.213299639396814
677,Callable Type Syntax,Rejected,13-Dec-2021,0,0,5,5,0.0064646129112250015,0.3163998299209552
712,"Adding a ""converter"" parameter to dataclasses.field",Rejected,01-Jan-2023,0,0,2,2,0.0064646129112250015,0.552411539577411
718,Subscriptable functions,Draft,23-Jun-2023,0,0,3,3,0.0064646129112250015,0.5730551165314712
781,Make ``TYPE_CHECKING`` a built-in constant,Draft,24-Mar-2025,0,0,3,3,0.0064646129112250015,0.062110196100102544
810,Explicit lazy imports,Final,02-Oct-2025,0,0,3,3,0.0064646129112250015,0.33317554049010845
827,Type Manipulation,Draft,27-Feb-2026,0,0,5,5,0.0064646129112250015,0.5394823137549609
835,Shorthand syntax for Annotated type metadata,Draft,12-Jun-2026,0,0,6,6,0.0064646129112250015,0.5459469266661859
508,Dependency specification for Python Software Packages,Final,11-Nov-2015,1,16,0,16,0.18729956834062333,0.978408229898444
517,A build-system independent format for source trees,Final,30-Sep-2015,1,14,3,17,0.1607875383930196,0.2549387752210211
518,Specifying Minimum Build System Requirements for Python Projects,Final,10-May-2016,1,8,2,10,0.08932459835126855,0.35518197894732506
621,Storing project metadata in pyproject.toml,Final,22-Jun-2020,1,11,5,16,0.06505859361427539,0.6897582725818324
516,Build system abstraction for pip/conda etc,Rejected,26-Oct-2015,1,1,2,3,0.05647605998009424,0.0941512368280015
725,Specifying external dependencies in pyproject.toml,Draft,17-Aug-2023,1,3,5,8,0.03774095551866084,0.4966941792679075
610,Recording the Direct URL Origin of installed distributions,Final,21-Apr-2019,1,4,1,5,0.03337879627444741,0.5855271890185132
660,Editable installs for pyproject.toml based builds (wheel based),Final,30-Mar-2021,1,3,4,7,0.026757777381614358,0.45895322374924663
631,Dependency specification in pyproject.toml based on PEP 508,Superseded,20-Aug-2020,1,2,2,4,0.026648841312915936,0.7472930983733014
633,Dependency specification in pyproject.toml using an exploded TOML table,Rejected,02-Sep-2020,1,1,4,5,0.021978352434448473,0.7801900561827853
735,Dependency Groups in pyproject.toml,Final,20-Nov-2023,1,2,5,7,0.0219756743577531,0.5521483927440658
639,Improving License Clarity with Better Package Metadata,Final,15-Aug-2019,1,2,0,2,0.021591770101555996,1.0
770,Improving measurability of Python packages with Software Bill-of-Materials,Final,02-Jan-2025,1,2,2,4,0.019655476778363018,0.019655476778363018
643,Metadata for Package Source Distributions,Final,24-Oct-2020,1,2,2,4,0.018019700069544245,0.03767517684790726
804,An external dependency registry and name mapping mechanism,Draft,03-Sep-2025,1,1,1,2,0.017335279198972937,0.6028624682174862
625,Filename of a Source Distribution,Final,08-Jul-2020,1,1,3,4,0.016873782330997473,0.7206442570603854
665,A file format to list Python dependencies for reproducibility of an application,Rejected,29-Jul-2021,1,1,5,6,0.016873782330997473,0.5301727183863127
662,Editable installs via virtual wheels,Rejected,28-May-2021,1,1,5,6,0.016604756787407783,0.5132989360553153
722,Dependency specification for single-file scripts,Rejected,19-Jul-2023,1,1,3,4,0.015235253825547154,0.4169601925420851
723,Inline script metadata,Final,04-Aug-2023,1,1,3,4,0.015235253825547154,0.4321954463676323
751,A file format to record Python dependencies for installation reproducibility,Final,24-Jul-2024,1,1,2,3,0.014012202147555523,0.7037704747293879
650,Specifying Installer Requirements for Python Projects,Withdrawn,16-Jul-2020,1,1,3,4,0.013787143644106666,0.39080633334150255
632,Deprecate distutils module,Final,03-Sep-2020,1,0,1,1,0.010918605375035416,0.7582117037483368
680,tomllib: Support for Parsing TOML in the Standard Library,Final,01-Jan-2022,1,0,3,3,0.010918605375035416,0.6137810735925217
710,Recording the provenance of installed packages,Draft,27-Mar-2023,1,0,1,1,0.010918605375035416,0.2658573805960565
763,Limiting deletions on PyPI,Withdrawn,24-Oct-2024,1,0,2,2,0.010918605375035416,0.7911086615578207
771,Default Extras for Python Software Packages,Draft,13-Jan-2025,1,0,3,3,0.010918605375035416,0.3661005843223605
778,Supporting Symlinks in Wheels,Deferred,18-May-2024,1,0,1,1,0.010918605375035416,0.3770191896973959
780,ABI features as environment markers,Draft,21-Mar-2025,1,0,2,2,0.010918605375035416,0.40172493871653797
808,Including static values in dynamic metadata,Accepted,19-Sep-2025,1,0,4,4,0.010918605375035416,0.6246996789675571
381,Mirroring infrastructure for PyPI,Withdrawn,21-Mar-2009,2,4,1,5,0.09172599454288284,0.9735963845392633
305,CSV File API,Final,26-Jan-2003,2,1,0,1,0.09150740305923888,0.8130223673639646
503,Simple Repository API,Final,04-Sep-2015,2,6,0,6,0.08546501716772689,0.7215149643047257
458,Secure PyPI downloads with signed repository metadata,Accepted,27-Sep-2013,2,4,4,8,0.06777943905635841,0.15760429419886524
691,JSON-based Simple API for Python Package Indexes,Final,04-May-2022,2,6,5,11,0.05084964989351519,0.565522932201534
658,Serve Distribution Metadata in the Simple Repository API,Accepted,10-May-2021,2,4,1,5,0.041495930095751754,0.24919779636535166
752,Implicit namespaces for package repositories,Accepted,13-Aug-2024,2,3,5,8,0.04095488230039371,0.48375926965913707
740,Index support for digital attestations,Final,08-Jan-2024,2,4,4,8,0.0409293821219599,0.4021875483425943
438,Transitioning to release-file hosting on PyPI,Superseded,15-Mar-2013,2,2,1,3,0.040331584965689754,0.8668928986683707
480,Surviving a Compromise of PyPI: End-to-end signing of packages,Draft,08-Oct-2014,2,2,1,3,0.036638868879173156,0.3612581662206344
592,"Adding ""Yank"" Support to the Simple API",Final,07-May-2019,2,3,0,3,0.03655862573201833,0.19416291993088358
708,Extending the Repository API to Mitigate Dependency Confusion Attacks,Rejected,20-Feb-2023,2,3,0,3,0.033367078035366086,0.07484736381449704
541,Package Index Name Retention,Final,12-Jan-2017,2,3,0,3,0.030858618791349865,0.3246192973414613
470,Removing External Hosting Support on PyPI,Final,12-May-2014,2,2,1,3,0.02958539085674995,0.2787831872221016
449,Removal of the PyPI Mirror Auto Discovery and Naming Scheme,Final,04-Aug-2013,2,1,1,2,0.027941339440414603,0.041480285779130946
694,Upload 2.0 API for Python Package Indexes,Draft,11-Jun-2022,2,3,3,6,0.02640361546073687,0.6360499471369988
766,Explicit Priority Choices Among Multiple Indexes,Draft,18-Nov-2024,2,3,2,5,0.02640361546073687,1.0000000000000002
629,Versioning PyPI's Simple API,Final,16-Jul-2020,2,2,0,2,0.02362202105783224,0.6096463316762619
755,Implicit namespace policy for PyPI,Draft,05-Sep-2024,2,1,2,3,0.020501378416895644,0.5860243106184297
817,Wheel Variants: Beyond Platform Tags,Draft,10-Dec-2025,2,1,2,3,0.01737506631016549,0.5146732823080189
700,Additional Fields for the Simple API for Package Indexes,Final,21-Oct-2022,2,1,2,3,0.014977491328009775,0.8818703899963805
714,Rename dist-info-metadata in the Simple API,Accepted,06-Jun-2023,2,1,2,3,0.014977491328009775,0.08982485514250682
792,Project status markers in the simple index,Final,21-May-2025,2,1,1,2,0.014977491328009775,0.2937606785501114
464,Removal of the PyPI Mirror Authenticity API,Final,02-Mar-2014,2,0,2,2,0.013538946338716346,0.2077018662695999
685,Comparison of extra names for optional distribution dependencies,Final,08-Mar-2022,2,0,1,1,0.013538946338716346,0.44280438735874333
753,Uniform project URLs in core metadata,Final,29-Aug-2024,2,0,1,1,0.013538946338716346,0.4972982159978534
759,External Wheel Hosting,Withdrawn,01-Oct-2024,2,0,7,7,0.013538946338716346,0.429265441020027
807,Index support for Trusted Publishing,Draft,19-Sep-2025,2,0,1,1,0.013538946338716346,0.4157264946813107
825,Wheel Variants: Package Format,Draft,17-Feb-2026,2,0,3,3,0.013538946338716346,0.8265613137026809
833,Freezing the HTML simple repository API,Final,21-Apr-2026,2,0,8,8,0.013538946338716346,0.013538946338716346
202,List Comprehensions,Final,13-Jul-2000,3,5,0,5,0.10791243086630678,0.18118087808948594
253,Subtyping Built-in Types,Final,14-May-2001,3,2,2,4,0.09393691973226279,0.8840341626255396
252,Making Types Look More Like Classes,Final,19-Apr-2001,3,3,1,4,0.08692744745602961,0.7900972428932768
234,Iterators,Final,30-Jan-2001,3,5,0,5,0.06942870415954015,0.6659794125382877
255,Simple Generators,Final,18-May-2001,3,5,2,7,0.05890222288427788,0.9999999999999999
254,Making Classes Look More Like Types,Rejected,18-Jun-2001,3,1,0,1,0.057063614490182435,0.9410977771157221
220,"Coroutines, Generators, Continuations",Rejected,14-Aug-2000,3,1,0,1,0.05298483930736696,0.542850060678395
279,The enumerate() built-in function,Final,30-Jan-2002,3,2,4,6,0.052571248858187175,0.3986030816842976
212,Loop Counter Iteration,Rejected,22-Aug-2000,3,4,2,6,0.051419291869967694,0.29354517518468387
219,Stackless Python,Deferred,14-Aug-2000,3,1,1,2,0.04217187774268606,0.4727268179922595
201,Lockstep Iteration,Final,13-Jul-2000,3,1,1,2,0.03899164046564197,0.07326844722317916
289,Generator Expressions,Final,30-Jan-2002,3,2,2,4,0.03656224432158389,0.579412304999979
281,Loop Counter Iteration with range and xrange,Rejected,11-Feb-2002,3,2,2,4,0.031951858565275895,0.43055494024957347
213,Attribute Access Handlers,Deferred,21-Jul-2000,3,1,1,2,0.03170628408588007,0.3252514592705639
204,Range Literals,Rejected,14-Jul-2000,3,2,1,3,0.02666819846769307,0.207849076557179
276,Simple Iterator for ints,Rejected,12-Nov-2001,3,1,3,4,0.02078037355554646,0.3460318328261104
237,Unifying Long Integers and Integers,Final,11-Mar-2001,3,1,0,1,0.020051979520190888,0.6860313920584786
231,__findattr__(),Rejected,30-Nov-2000,3,0,1,1,0.01713840337876859,0.5965507083787476
251,Python 2.2 Release Schedule,Final,17-Apr-2001,3,0,5,5,0.01713840337876859,0.7031697954372472
274,Dict Comprehensions,Final,25-Oct-2001,3,0,1,1,0.01713840337876859,0.24212588331471618
284,Integer for-loops,Rejected,01-Mar-2002,3,0,4,4,0.01713840337876859,0.4898652213710281
323,Copyable Iterators,Deferred,25-Oct-2003,3,0,1,1,0.01713840337876859,0.01713840337876859
334,Simple Coroutines via SuspendIteration,Withdrawn,26-Aug-2004,3,0,2,2,0.01713840337876859,0.2249874799359476
3142,"Add a ""while"" clause to generator expressions",Rejected,12-Jan-2009,3,0,3,3,0.01713840337876859,0.03427680675753718
3000,Python 3000,Final,05-Apr-2006,4,4,2,6,0.09403941435438565,0.905357960881822
344,Exception Chaining and Embedded Tracebacks,Superseded,12-May-2005,4,4,2,6,0.08095085103438115,0.2379252069112366
3100,Miscellaneous Python 3.0 Plans,Final,20-Aug-2004,4,4,7,11,0.07716590629067956,0.42322428266726064
4,Deprecation of Standard Modules,Active,01-Oct-2000,4,4,0,4,0.07275844227139407,0.13063802577614933
3134,Exception Chaining and Embedded Tracebacks,Final,12-May-2005,4,3,2,5,0.07210356878898704,0.9999999999999998
348,Exception Reorganization for Python 3.0,Rejected,28-Jul-2005,4,2,2,4,0.05918819995256156,0.3460583763765811
3137,Immutable Bytes and Mutable Buffer,Final,26-Sep-2007,4,3,0,3,0.057879583504755264,0.057879583504755264
358,"The ""bytes"" Object",Final,15-Feb-2006,4,2,2,4,0.05682421172170251,0.645919696496547
361,Python 2.6 and 3.0 Release Schedule,Final,29-Jun-2006,4,1,7,8,0.053134974303142284,0.7653618236012159
409,Suppressing exception context,Final,26-Jan-2012,4,2,2,4,0.04894496951278292,0.2868701764240195
3112,Bytes literals in Python 3000,Final,23-Feb-2007,4,2,1,3,0.04376868247233565,0.7122268492980736
352,Required Superclass for Exceptions,Final,27-Oct-2005,4,4,1,5,0.04097299055235653,0.5018972626098214
290,Code Migration and Modernization,Active,06-Jun-2002,4,1,1,2,0.03832342173512621,0.5627591546741384
415,Implement context suppression with exception attributes,Final,26-Feb-2012,4,2,1,3,0.03769998939020416,0.4609242720574648
3001,Procedure for reviewing and improving standard library modules,Withdrawn,05-Apr-2006,4,1,0,1,0.022538470329190846,0.9278964312110128
3105,Make print a function,Final,19-Nov-2006,4,1,0,1,0.022538470329190846,0.5244357329390121
3110,Catching Exceptions in Python 3000,Final,16-Jan-2006,4,1,3,4,0.022538470329190846,0.6684581668257379
371,Addition of the multiprocessing package to the standard library,Final,06-May-2008,4,1,0,1,0.019620392825514393,0.8113185465274363
294,Type Names in the types Module,Rejected,19-Jun-2002,4,0,1,1,0.01316816505035306,0.5890954847748445
467,Minor API improvements for binary sequences,Draft,30-Mar-2014,4,0,1,1,0.01316816505035306,0.15697435587685546
490,Chain exceptions at C level,Rejected,25-Mar-2015,4,0,3,3,0.01316816505035306,0.7785299886515689
3109,Raising Exceptions in Python 3000,Final,19-Jan-2006,4,0,2,2,0.01316816505035306,0.5759273197244914
3111,Simple input built-in in Python 3000,Final,13-Sep-2006,4,0,1,1,0.01316816505035306,0.7916981537019219
3151,Reworking the OS and IO exception hierarchy,Final,21-Jul-2010,4,0,1,1,0.01316816505035306,0.1438061908265024
13,Python Language Governance,Active,16-Dec-2018,5,16,12,28,0.29390491847142053,0.5851398738722937
8001,Python Governance Voting Process,Final,24-Aug-2018,5,9,9,18,0.11724494046389913,0.15831517877321866
8016,The Steering Council Model,Accepted,01-Nov-2018,5,10,2,12,0.09187260585083983,0.7482433145035923
8000,Python Language Governance Proposal Overview,Final,24-Aug-2018,5,2,10,12,0.04107023830931952,0.04107023830931952
8002,Open Source Governance Survey,Final,24-Aug-2018,5,3,0,3,0.038533567729974426,0.1968487465031931
8010,The Technical Leader Governance Model,Rejected,24-Aug-2018,5,4,3,7,0.033683207594102836,0.23971135221658474
8100,January 2019 Steering Council election,Final,03-Jan-2019,5,1,1,2,0.02999705878422576,0.7900205885104195
8101,2020 Term Steering Council election,Final,16-Nov-2019,5,1,1,2,0.02999705878422576,0.8200176472946452
8102,2021 Term Steering Council election,Final,29-Oct-2020,5,1,1,2,0.02999705878422576,0.850014706078871
8103,2022 Term Steering Council election,Final,04-Oct-2021,5,1,1,2,0.02999705878422576,0.8800117648630967
8104,2023 Term Steering Council election,Final,08-Nov-2022,5,1,1,2,0.02999705878422576,0.9100088236473225
8105,2024 Term Steering Council election,Final,23-Oct-2023,5,1,1,2,0.02999705878422576,0.9400058824315483
8106,2025 Term Steering Council election,Final,21-Oct-2024,5,1,1,2,0.02999705878422576,0.970002941215774
8107,2026 Term Steering Council election,Final,21-Oct-2025,5,1,1,2,0.02999705878422576,0.9999999999999998
8011,Python Governance Model Lead by Trio of Pythonistas,Rejected,24-Aug-2018,5,3,4,7,0.027779991590802237,0.267491343807387
8012,The Community Governance Model,Rejected,03-Oct-2018,5,2,4,6,0.023743611593486237,0.2912349554008732
8013,The External Council Governance Model,Rejected,14-Sep-2018,5,2,5,7,0.023743611593486237,0.60888348546578
8014,The Commons Governance Model,Rejected,16-Sep-2018,5,2,2,4,0.023743611593486237,0.6326270970592662
8015,Organization of the Python community,Rejected,04-Oct-2018,5,2,2,4,0.023743611593486237,0.6563707086527524
609,Python Packaging Authority (PyPA) Governance,Active,05-Nov-2019,5,1,0,1,0.011780215222601408,0.7600235297261937
772,Packaging Council governance process,Accepted,21-Jan-2025,5,0,3,3,0.009179398119288817,0.2060281446224819
384,Defining a Stable ABI,Final,17-May-2009,6,8,0,8,0.12281346345843772,0.17707119308821387
3121,Extension Module Initialization and Finalization,Final,27-Apr-2007,6,4,0,4,0.09856308746384575,0.8388458467322479
580,The C call protocol,Rejected,14-Jun-2018,6,4,6,10,0.0948785566368325,0.3116497884726312
489,Multi-phase extension module initialization,Final,11-Aug-2013,6,7,2,9,0.09458268236445168,0.5860207784006017
573,Module State Access from C Extension Methods,Final,02-Jun-2016,6,7,2,9,0.06921216061007036,0.9626191797715918
590,Vectorcall: a fast calling protocol for CPython,Final,29-Mar-2019,6,3,3,6,0.05956615736294863,0.3712159458355798
576,Rationalize Built-in function classes,Withdrawn,10-May-2018,6,3,1,4,0.05425772962977615,0.05425772962977615
684,A Per-Interpreter GIL,Final,08-Mar-2022,6,2,7,9,0.040809481164307396,0.695866655288542
554,Multiple Interpreters in the Stdlib,Superseded,05-Sep-2017,6,2,6,8,0.04008605171316135,0.6261068301137631
579,Refactoring C functions and methods,Final,04-Jun-2018,6,2,6,8,0.039700038747584834,0.21677123183579872
734,Multiple Interpreters in the Stdlib,Final,06-Nov-2023,6,2,2,4,0.03956349276750375,0.42909532486680513
575,Unifying function/method classes,Withdrawn,27-Mar-2018,6,2,4,6,0.037380820228407934,0.9999999999999998
683,"Immortal Objects, Using a Fixed Refcount",Final,10-Feb-2022,6,2,0,2,0.02895034401047141,0.6550571741242345
630,Isolating Extension Modules,Final,25-Aug-2020,6,2,3,5,0.02846095471313488,0.8934070191615215
620,Hide implementation details from the C API,Withdrawn,19-Jun-2020,6,1,3,4,0.026100217716138685,0.7219668730046807
689,Unstable C API tier,Final,22-Apr-2022,6,1,1,2,0.026100217716138685,0.8649460644483866
670,Convert macros to functions in the Python C API,Final,19-Oct-2021,6,1,0,1,0.0257109986419018,0.4731222097724285
547,Running extension modules using the -m option,Deferred,25-May-2017,6,0,1,1,0.01831588626372157,0.4914380960361501
687,Isolating modules in the standard library,Final,04-Apr-2022,6,0,3,3,0.01831588626372157,0.7402827592684021
733,An Evaluation of Python's Public C API,Final,16-Oct-2023,6,0,2,2,0.01831588626372157,0.44741121113052673
797,Shared Object Proxies,Rejected,08-Aug-2025,6,0,1,1,0.01831588626372157,0.3895318320993014
241,Metadata for Python Software Packages,Superseded,12-Mar-2001,7,9,0,9,0.17163105335403542,0.7248241147977175
345,Metadata for Python Software Packages 1.2,Superseded,28-Apr-2005,7,8,4,12,0.09585104383041762,0.31201435835672303
301,Package Index and Metadata for Distutils,Final,24-Oct-2002,7,3,2,5,0.0825943671647292,0.5371715606087061
314,Metadata for Python Software Packages 1.1,Superseded,12-Apr-2003,7,6,2,8,0.07563348307622879,1.0000000000000002
376,Database of Installed Python Distributions,Final,22-Feb-2009,7,4,5,9,0.07561118534568576,0.9243665169237714
440,Version Identification and Dependency Specification,Final,18-Mar-2013,7,5,5,10,0.06897341868794406,0.4106277395586146
262,A Database of Installed Python Packages,Rejected,08-Jul-2001,7,2,3,5,0.06397737684977413,0.13818304679665444
243,Module Repository Upload Mechanism,Withdrawn,18-Mar-2001,7,1,1,2,0.05112380461435573,0.7919694202470491
426,Metadata for Python Software Packages 2.0,Withdrawn,30-Aug-2012,7,4,7,11,0.043949453885362255,0.45457719344397685
386,Changing the version comparison module in Distutils,Superseded,04-Jun-2009,7,4,2,6,0.042162668276928425,0.05818416911190436
459,Standard Metadata Extensions for Python Software Packages,Withdrawn,11-Nov-2013,7,2,2,4,0.03308369382428071,0.17126674062093514
668,Marking Python base environments as “externally managed”,Final,18-May-2021,7,1,2,3,0.02963996251394751,0.34165432087067055
278,Universal Newline Support,Final,14-Jan-2002,7,1,0,1,0.028875073070394337,0.2161633145263054
627,Recording installed projects,Final,15-Jul-2020,7,1,1,2,0.028618472760186538,0.8205878930072357
566,Metadata for Python Software Packages 2.1,Final,01-Dec-2017,7,2,5,7,0.02816743857085005,0.8487553315780857
390,Static metadata for Distutils,Rejected,10-Oct-2009,7,0,3,3,0.016021500834975937,0.0742056699468803
396,Module Version Numbers,Withdrawn,16-Mar-2011,7,0,3,3,0.016021500834975937,0.18728824145591108
496,Environment Markers,Rejected,03-Jul-2015,7,0,3,3,0.016021500834975937,0.553193061443682
704,Require virtual environments by default for package installers,Withdrawn,16-Jan-2023,7,0,1,1,0.016021500834975937,0.016021500834975937
819,JSON Package Metadata,Draft,18-Dec-2025,7,0,2,2,0.016021500834975937,0.7408456156326934
275,Switching on Multiple Values,Rejected,10-Nov-2001,8,2,1,3,0.16995167499313574,0.383552753746935
3103,A Switch/Case Statement,Rejected,25-Jun-2006,8,2,1,3,0.16995167499313574,0.6088192884979836
448,Additional Unpacking Generalizations,Final,29-Jun-2013,8,2,0,2,0.06793813034731361,0.09569552228927557
572,Assignment Expressions,Final,28-Feb-2018,8,4,0,4,0.0628844000748574,1.0
634,Structural Pattern Matching: Specification,Final,12-Sep-2020,8,6,4,10,0.0567629829471941,0.8268162238949477
635,Structural Pattern Matching: Motivation and Rationale,Final,12-Sep-2020,8,5,7,12,0.05666945140698983,0.8834856753019376
622,Structural Pattern Matching,Superseded,23-Jun-2020,8,4,3,7,0.05403222453329272,0.7435260511575245
636,Structural Pattern Matching: Tutorial,Final,12-Sep-2020,8,6,3,9,0.05362992462320513,0.9371155999251426
584,Add Union Operators To dict,Final,01-Mar-2019,8,2,1,3,0.04080629291427554,0.17637006041552372
617,New PEG parser for CPython,Final,24-Mar-2020,8,2,0,2,0.04080629291427554,0.6496255814122591
798,Unpacking in Comprehensions,Final,19-Jul-2025,8,1,2,3,0.03443887041132043,0.4388676135048478
640,Unused variable syntax,Rejected,04-Oct-2020,8,2,4,6,0.02775739194196196,0.02775739194196196
626,Precise line numbers for debugging and other tools.,Final,15-Jul-2020,8,2,0,2,0.026527189790229097,0.7700532409477536
618,Add Optional Length-Checking To zip,Final,01-May-2020,8,1,0,1,0.021252736042834872,0.670878317455094
644,Require OpenSSL 1.1.1 or newer,Final,27-Oct-2020,8,1,0,1,0.021252736042834872,0.1355637675012482
534,Improved Errors for Missing Standard Library Modules,Withdrawn,05-Sep-2016,8,1,0,1,0.020875989346592426,0.4044287430935274
619,Python 3.10 Release Schedule,Active,25-May-2020,8,0,6,6,0.01861550916913776,0.6894938266242318
642,Explicit Pattern Syntax for Structural Pattern Matching,Rejected,26-Sep-2020,8,0,7,7,0.01861550916913776,0.11431103145841333
653,Precise Semantics for Pattern Matching,Draft,09-Feb-2021,8,0,3,3,0.01861550916913776,0.21360107875379925
841,Adding Frozen Syntax to Optimize Immutable Types,Draft,20-Jul-2026,8,0,1,1,0.01861550916913776,0.1949855695846615
266,Optimizing Global Variable/Attribute Access,Withdrawn,13-Aug-2001,9,5,0,5,0.13408596169430692,0.3112715473861757
218,Adding a Built-In Set Object Type,Final,31-Jul-2000,9,4,0,4,0.1017298343653434,0.6715852558819567
267,Optimized Access to Module Namespaces,Deferred,23-May-2001,9,3,2,5,0.07316211669866528,0.3844336640848409
280,Optimizing access to globals,Deferred,10-Feb-2002,9,3,2,5,0.07316211669866528,0.5698554215166133
263,Defining Python Source Code Encodings,Final,06-Jun-2001,9,2,0,2,0.06763781049398349,0.142090161620547
282,A Logging System,Final,04-Feb-2002,9,2,0,2,0.06763781049398349,0.774318490447262
269,Pgen Module for Python,Deferred,24-Aug-2001,9,2,0,2,0.04206879259046356,0.4265024566753045
286,Enhanced Argument Tuples,Deferred,03-Mar-2002,9,2,0,2,0.04206879259046356,0.854194572644269
322,Reverse Iteration,Final,24-Sep-2003,9,1,0,1,0.03935692705524174,0.0744523511265635
285,Adding a bool type,Final,08-Mar-2002,9,1,0,1,0.037807289606543566,0.8121257800538055
307,Extensions to the pickle protocol,Final,31-Jan-2003,9,1,0,1,0.037807289606543566,0.9621927103934561
311,Simplified Global Interpreter Lock Acquisition for Extensions,Final,05-Feb-2003,9,1,0,1,0.037807289606543566,0.9999999999999997
270,uniq method for list objects,Rejected,21-Aug-2001,9,0,1,1,0.035095424071321754,0.4615978807466262
283,Python 2.3 Release Schedule,Final,27-Feb-2002,9,0,11,11,0.035095424071321754,0.7066806799532784
320,Python 2.4 Release Schedule,Final,29-Jul-2003,9,0,7,7,0.035095424071321754,0.035095424071321754
329,Treating Builtins as Constants in the Standard Library,Rejected,18-Apr-2004,9,0,1,1,0.035095424071321754,0.17718558569186874
337,Logging Usage in the Standard Library,Deferred,02-Oct-2004,9,0,1,1,0.035095424071321754,0.496693304817948
802,Display Syntax for the Empty Set,Draft,08-Aug-2025,9,0,1,1,0.035095424071321754,0.8892899967155908
3120,Using UTF-8 as the default source encoding,Final,15-Apr-2007,9,0,1,1,0.035095424071321754,0.9243854207869125
435,Adding an Enum type to the Python standard library,Final,23-Feb-2013,10,2,1,3,0.15414146777827134,0.8972537911485018
354,Enumerations in Python,Superseded,20-Dec-2005,10,1,1,2,0.14994003383712845,0.38010603862281095
429,Python 3.4 Release Schedule,Final,17-Oct-2012,10,1,9,10,0.08216290721721599,0.5926484991347256
549,Instance Descriptors,Rejected,04-Sep-2017,10,1,0,1,0.0755669798694949,0.45567301849230585
453,Explicit bootstrapping of pip in Python installations,Final,10-Aug-2013,10,4,1,5,0.07439434940358877,0.10108165319026087
562,Module __getattr__ and __dir__,Final,09-Sep-2017,10,3,1,4,0.06663448162243603,0.7431123233702305
615,Support for the IANA Time Zone Database in the Standard Library,Final,22-Feb-2020,10,1,3,4,0.05481257342520372,0.5104855919175095
445,Add new APIs to customize Python memory allocators,Final,15-Jun-2013,10,2,0,2,0.04937160127815356,0.9466253924266553
431,Time zone support improvements,Superseded,11-Dec-2012,10,2,1,3,0.04221760911606802,0.6348661082507936
433,Easier suppression of file descriptor inheritance,Superseded,10-Jan-2013,10,1,0,1,0.04161173349700083,0.6764778417477944
446,Make newly created file descriptors non-inheritable,Final,05-Aug-2013,10,1,1,2,0.026687303786672098,0.9733126962133274
447,Add __getdescriptor__ method to metaclass,Deferred,12-Jun-2013,10,1,0,1,0.026687303786672098,0.9999999999999996
450,Adding A Statistics Module To The Standard Library,Final,01-Aug-2013,10,1,0,1,0.026687303786672098,0.026687303786672098
454,Add a new tracemalloc module to trace Python memory allocations,Final,03-Sep-2013,10,1,1,2,0.026687303786672098,0.12776895697693297
455,Adding a key-transforming dictionary to collections,Rejected,13-Sep-2013,10,1,0,1,0.026687303786672098,0.15445626076360508
477,Backport ensurepip (PEP 453) to Python 2.7,Final,26-Aug-2014,10,0,1,1,0.01892743600551936,0.2301660047856825
711,PyBI: a standard format for distributing Python Binaries,Draft,06-Apr-2023,10,0,1,1,0.01892743600551936,0.17338369676912443
713,Callable Modules,Rejected,20-Apr-2023,10,0,1,1,0.01892743600551936,0.1923111327746438
726,Module ``__setattr__`` and ``__delattr__``,Rejected,24-Aug-2023,10,0,1,1,0.01892743600551936,0.21123856878016314
387,Backwards Compatibility Policy,Active,18-Jun-2009,11,6,2,8,0.15076879137957708,0.19262255003640538
702,Marking deprecations using the type system,Final,30-Dec-2022,11,3,3,6,0.11304442969910675,0.9999999999999998
291,Backward Compatibility for the Python 2 Standard Library,Superseded,06-Jun-2002,11,1,0,1,0.08669923606462779,0.7832085547543358
206,Python Advanced Library,Withdrawn,14-Jul-2000,11,1,0,1,0.06907832631541147,0.4411836123816181
842,Module Exports,Withdrawn,25-Jul-2026,11,1,2,3,0.06552297116923061,0.32163318534799507
647,User-Defined Type Guards,Final,07-Oct-2020,11,3,0,3,0.06348766414235903,0.25611021417876445
698,Override Decorator for Static Typing,Final,05-Sep-2022,11,2,0,2,0.05849956658130634,0.886955570300893
594,Removing dead batteries from the standard library,Final,20-May-2019,11,1,1,2,0.054653559746465755,0.5184608966107092
731,C API Working Group Charter,Active,11-Oct-2023,11,2,0,2,0.05146877574392979,0.6738855942070827
844,``public`` and ``private`` builtins,Draft,05-Aug-2026,11,1,1,2,0.050472100718211524,0.3721052860662066
706,Filter for tarfile.extractall,Final,09-Feb-2023,11,1,1,2,0.04185375865682832,0.04185375865682832
724,Stricter Type Guards,Withdrawn,28-Jul-2023,11,1,1,2,0.032238741569726864,0.5733233626630615
727,Documentation in Annotated Metadata,Withdrawn,28-Aug-2023,11,1,1,2,0.02646973131746599,0.5997930939805275
674,Disallow using macros as l-values,Deferred,30-Nov-2021,11,0,1,1,0.022623724482625406,0.6965093186897081
721,Using tarfile.data_filter for source distribution extraction,Final,12-Jul-2023,11,0,1,1,0.022623724482625406,0.46380733686424347
729,Typing governance process,Active,19-Sep-2023,11,0,5,5,0.022623724482625406,0.6224168184631529
742,Narrowing types with TypeIs,Final,07-Feb-2024,11,0,2,2,0.022623724482625406,0.8058322792369612
743,Add Py_OMIT_LEGACY_API to the Python C API,Rejected,11-Mar-2024,11,0,2,2,0.022623724482625406,0.8284560037195867
788,Protecting the C API from Interpreter Finalization,Final,23-Apr-2025,11,0,1,1,0.022623724482625406,0.5410846210933347
394,"The ""python"" Command on Unix-Like Systems",Active,02-Mar-2011,12,3,4,7,0.1174274088882542,0.22296481936154086
370,Per user site-packages directory,Final,11-Jan-2008,12,2,0,2,0.10976530257010622,0.903644398034247
466,Network Security Enhancements for Python 2.7.x,Final,23-Mar-2014,12,4,0,4,0.10699732375417122,0.4240235731572525
397,Python launcher for Windows,Final,15-Mar-2011,12,4,1,5,0.09406143004154041,0.3170262494030813
405,Python Virtual Environments,Final,13-Jun-2011,12,4,1,5,0.09131082498499708,0.5956444335356222
404,Python 2.8 Un-release Schedule,Final,09-Nov-2011,12,2,0,2,0.0803100353933727,0.5043336085506251
373,Python 2.7 Release Schedule,Final,03-Nov-2008,12,2,2,4,0.07130220088805078,0.9749465989222977
543,A Unified TLS API for Python,Withdrawn,17-Oct-2016,12,2,0,2,0.056996238052572853,0.6883416849908541
476,Enabling certificate verification by default for stdlib http clients,Final,28-Aug-2014,12,1,1,2,0.035701013402658986,0.6313454469382812
486,Make the Python Launcher aware of virtual environments,Final,12-Feb-2015,12,1,2,3,0.030377207240180518,0.7437722933087367
514,Python registration in the Windows registry,Active,02-Feb-2016,12,1,1,2,0.030377207240180518,0.030377207240180518
439,Inclusion of implicit pip bootstrap in Python installation,Rejected,18-Mar-2013,12,0,3,3,0.02505340107770205,0.9999999999999998
493,HTTPS verification migration tools for Python 2.7,Final,10-May-2015,12,0,2,2,0.02505340107770205,0.7938790954641408
546,Backport ssl.MemoryBIO and ssl.SSLObject to Python 2.7,Rejected,30-May-2017,12,0,2,2,0.02505340107770205,0.7133950860685562
748,A Unified TLS API for Python,Draft,27-Jun-2024,12,0,1,1,0.02505340107770205,0.7688256943864388
773,A Python Installation Manager for Windows,Final,21-Jan-2025,12,0,4,4,0.02505340107770205,0.05543060831788257
838,Adding python-version to pyvenv.cfg,Draft,15-Jul-2026,12,0,1,1,0.02505340107770205,0.08048400939558462
3146,Merging Unladen Swallow into CPython,Withdrawn,01-Jan-2010,12,0,1,1,0.02505340107770205,0.10553741047328666
602,Annual Release Cycle for Python,Active,04-Jun-2019,13,11,3,14,0.2543231915454472,0.639741496787225
596,Python 3.9 Release Schedule,Final,04-Jun-2019,13,3,3,6,0.13388698442554087,0.22335979983160964
598,Introducing incremental feature releases,Withdrawn,15-Jun-2019,13,3,3,6,0.10657639480559053,0.3680026142330537
719,Python 3.13 Release Schedule,Active,26-May-2023,13,1,1,2,0.08947281540606879,0.08947281540606879
605,A rolling feature release stream for CPython,Rejected,20-Sep-2019,13,4,4,8,0.06690432479246812,0.7066458215796931
614,Relaxing Grammar Restrictions On Decorators,Final,10-Feb-2020,13,1,0,1,0.05535068221352091,0.8314211755076081
616,String methods to remove prefixes and suffixes,Final,19-Mar-2020,13,1,0,1,0.05535068221352091,0.886771857721129
20,The Zen of Python,Active,19-Aug-2004,13,3,0,3,0.03806641959585356,0.2614262194274632
607,Reducing CPython's Feature Delivery Latency,Final,11-Oct-2019,13,1,2,3,0.031632611428970295,0.7586548022853631
565,Show DeprecationWarning in __main__,Final,12-Nov-2017,13,2,0,2,0.023263028255975204,0.9622819590032763
606,Python Compatibility Version,Rejected,18-Oct-2019,13,1,6,7,0.02037636927669971,0.7270221908563927
3002,Procedure for Backwards-Incompatible Changes,Final,27-Mar-2006,13,1,0,1,0.020302349987999534,0.9825843089912758
608,Coordinated Python release,Rejected,25-Oct-2019,13,0,5,5,0.017415691008724036,0.7760704932940872
693,Python 3.12 Release Schedule,Active,24-May-2022,13,0,1,1,0.017415691008724036,0.939018930747301
745,Python 3.14 Release Schedule,Active,24-Apr-2024,13,0,1,1,0.017415691008724036,0.904187548729853
790,Python 3.15 Release Schedule,Active,26-Apr-2025,13,0,1,1,0.017415691008724036,0.3854183052417778
826,Python 3.16 Release Schedule,Active,23-Feb-2026,13,0,1,1,0.017415691008724036,0.9999999999999998
3117,Postfix type declarations,Rejected,01-Apr-2007,13,0,1,1,0.017415691008724036,0.921603239738577
505,None-aware operators,Deferred,18-Sep-2015,14,3,2,5,0.1651018208304271,0.8763690324716917
531,Existence checking operators,Withdrawn,25-Oct-2016,14,2,1,3,0.11676171722083627,0.44213519175851757
532,A circuit breaking protocol and binary operators,Deferred,30-Oct-2016,14,2,4,6,0.11263091393331445,0.554766105691832
393,Flexible String Representation,Final,24-Jan-2010,14,4,0,4,0.11054532690251045,0.15586750919193207
335,Overloadable Boolean Operators,Rejected,29-Aug-2004,14,3,0,3,0.07602829618787434,0.23189580537980642
659,Specializing Adaptive Interpreter,Final,13-Apr-2021,14,3,0,3,0.07081657801316406,0.3253734745376813
535,Rich comparison chaining,Deferred,12-Nov-2016,14,1,2,3,0.04659454662320814,0.6013606523150401
510,Specialize functions with guards,Rejected,04-Jan-2016,14,2,0,2,0.04601659672048512,0.9773389088552892
623,Remove wstr from Unicode,Final,25-Jun-2020,14,1,1,2,0.04192328589209211,0.6659450293518431
509,Add a private version to dict,Superseded,04-Jan-2016,14,1,2,3,0.03229218851840146,0.931322312134804
511,API for code transformers,Rejected,04-Jan-2016,14,0,2,2,0.022661091144710807,1.0
624,Remove Py_UNICODE encoder APIs,Final,06-Jul-2020,14,0,1,1,0.022661091144710807,0.6886061204965539
645,Allow writing optional types as ``x?``,Withdrawn,25-Aug-2020,14,0,1,1,0.022661091144710807,0.045322182289421614
699,Remove private dict version field added in PEP 509,Final,03-Oct-2022,14,0,2,2,0.022661091144710807,0.8990301236164026
707,A simplified signature for __exit__ and __aexit__,Rejected,18-Feb-2023,14,0,1,1,0.022661091144710807,0.022661091144710807
720,Cross-compiling Python packages,Draft,01-Jul-2023,14,0,1,1,0.022661091144710807,0.2545568965245172
756,Add PyUnicode_Export() and PyUnicode_Import() C functions,Withdrawn,13-Sep-2024,14,0,1,1,0.022661091144710807,0.7112672116412646
799,A dedicated ``profiling`` package for organizing Python profiling tools,Final,21-Jul-2025,14,0,1,1,0.022661091144710807,0.6240217434597509
236,Back to the __future__,Final,26-Feb-2001,15,6,4,10,0.22185645082388306,0.8488468965290393
227,Statically Nested Scopes,Final,01-Nov-2000,15,5,1,6,0.1227087973382712,0.485858415530739
5,Guidelines for Language Evolution,Superseded,26-Oct-2000,15,4,0,4,0.08562195509013473,0.10724933934714784
264,Future statements in simulated shells,Final,30-Jul-2001,15,2,1,3,0.07991563969647943,0.25045722992431774
230,Warning Framework,Final,28-Nov-2000,15,2,0,2,0.07489856184116045,0.5607569773718994
558,Defined semantics for locals(),Withdrawn,08-Sep-2017,15,2,2,4,0.0600478264790619,0.9351178472289604
667,Consistent views of namespaces,Final,30-Jul-2021,15,1,2,3,0.047148157473229535,0.33233075400776246
296,Adding a bytes Object Type,Withdrawn,12-Jul-2002,15,2,0,2,0.044606084076243724,0.6053630614481431
709,Inlined comprehensions,Final,24-Feb-2023,15,1,0,1,0.041664866623677396,0.14891420597082522
3099,Things that will Not Change in Python 3000,Final,04-Apr-2006,15,1,0,1,0.03472536661021516,0.28518259653453293
3104,Access to Names in Outer Scopes,Final,12-Oct-2006,15,1,2,3,0.030818864184705346,0.3631496181924678
238,Changing the Division Operator,Final,11-Mar-2001,15,1,2,3,0.026223124220859224,0.8750700207498986
244,The ``directive`` statement,Rejected,20-Mar-2001,15,0,3,3,0.021627384257013098,0.9783726157429866
298,The Locked Buffer Interface,Withdrawn,26-Jul-2002,15,0,1,1,0.021627384257013098,0.6269904457051563
317,Eliminate Implicit Exception Instantiation,Rejected,06-May-2003,15,0,3,3,0.021627384257013098,0.9999999999999998
497,A standard mechanism for backward compatibility,Rejected,04-Aug-2015,15,0,4,4,0.021627384257013098,0.9567452314859736
577,Augmented Assignment Expressions,Withdrawn,14-May-2018,15,0,1,1,0.021627384257013098,0.021627384257013098
840,Name Resolution in Class Namespaces,Draft,15-Jul-2026,15,0,2,2,0.021627384257013098,0.17054159022783832
462,Core development workflow automation for CPython,Withdrawn,23-Jan-2014,16,3,3,6,0.10938140141609341,0.2565834955912895
507,Migrate CPython to Git and GitLab,Rejected,30-Sep-2015,16,3,3,6,0.10429774479003716,0.9999999999999998
101,Doing Python Releases 101,Active,22-Aug-2001,16,4,2,6,0.09969314094759467,0.5925079294796309
474,Creating forge.python.org,Withdrawn,19-Jul-2014,16,3,2,5,0.09850737635225783,0.3550908719435473
347,Migrating the Python CVS to Subversion,Final,14-Jul-2004,16,2,0,2,0.07673122547661976,0.4318220974201671
42,Feature Requests,Withdrawn,12-Sep-2000,16,1,0,1,0.0708987713896285,0.7264622839035697
102,Doing Python Micro Releases,Superseded,09-Jan-2002,16,1,1,2,0.0630555830343103,0.6555635125139412
761,Deprecating PGP signatures for CPython artifacts,Active,08-Oct-2024,16,1,0,1,0.0630555830343103,0.8957022552099626
481,"Migrate CPython to Git, Github, and Phabricator",Withdrawn,29-Nov-2014,16,2,3,5,0.06099269111186916,0.49281478853203625
3,Guidelines for Handling Bug Reports,Withdrawn,25-Sep-2000,16,2,1,3,0.059074066748855514,0.12651685613542962
495,Local Time Disambiguation,Final,02-Aug-2015,16,1,1,2,0.038267815124528974,0.7912761960961193
512,Migrating from hg.python.org to GitHub,Final,17-Jan-2015,16,1,3,4,0.037966262804426394,0.037966262804426394
385,Migrating from Subversion to Mercurial,Final,25-May-2009,16,1,1,2,0.029476526582147722,0.06744278938657411
235,Import on Case-Insensitive Platforms,Final,21-Feb-2001,16,1,0,1,0.026546097068020635,0.7530083809715904
6,Bug Fix Releases,Superseded,15-Mar-2001,16,0,3,3,0.02068523803976647,0.14720209417519609
374,Choosing a distributed VCS for the Python project,Final,07-Nov-2008,16,0,2,2,0.02068523803976647,0.8326466721756522
500,A protocol for delegating datetime methods to their tzinfo implementations,Rejected,08-Aug-2015,16,0,1,1,0.02068523803976647,0.8119614341358858
302,New Import Hooks,Final,19-Dec-2002,17,11,3,14,0.2379016276633216,0.8557062810093338
338,Executing modules as scripts,Final,16-Oct-2004,17,3,3,6,0.1112366141088555,0.4205268385958219
366,Main module explicit relative imports,Final,01-May-2007,17,2,4,6,0.08713581958435225,0.6178046533460122
273,Import Modules from Zip Archives,Final,11-Oct-2001,17,1,1,2,0.08304390664329508,0.2577290096848842
328,Imports: Multi-Line and Absolute/Relative,Final,21-Dec-2003,17,4,0,4,0.07943817561898127,0.11054010425412847
299,Special __main__() function in modules,Rejected,12-Aug-2002,17,2,0,2,0.056830395789177146,0.53066883376166
402,Simplified Package Layout and Partitioning,Rejected,12-Jul-2011,17,4,2,6,0.051561214802082145,0.3092902244869664
382,Namespace Packages,Rejected,02-Apr-2009,17,3,2,5,0.04824385553857657,0.9999999999999997
3147,PYC Repository Directories,Final,16-Dec-2009,17,2,2,4,0.0352608927604189,0.17468510304158916
3122,Delineation of the main module,Rejected,27-Apr-2007,17,1,3,4,0.034152904324834865,0.9361191070253352
451,A ModuleSpec Type for the Import System,Final,08-Aug-2013,17,3,4,7,0.031101928635147193,0.031101928635147193
420,Implicit Namespace Packages,Final,19-Apr-2012,17,3,4,7,0.031065401335348644,0.47383843797248276
304,Controlling Generation of Bytecode Files,Withdrawn,22-Jan-2003,17,1,2,3,0.030622884255078628,0.8863291652644124
395,Qualified Names for Modules,Withdrawn,04-Mar-2011,17,2,6,8,0.0288841060270418,0.13942421028117025
406,Improved Encapsulation of Import State,Withdrawn,04-Jul-2011,17,1,4,5,0.022246198041312233,0.44277303663713413
369,Post import hooks,Withdrawn,02-Jan-2008,17,0,1,1,0.01563703743608791,0.9019662027005003
499,``python -m foo`` should also bind ``'foo'`` in ``sys.modules``,Deferred,07-Aug-2015,17,0,2,2,0.01563703743608791,0.9517561444614231
3101,Advanced String Formatting,Final,16-Apr-2006,18,7,0,7,0.18009467359482417,0.4526138820890288
215,String Interpolation,Superseded,24-Jul-2000,18,4,0,4,0.12221787889041176,0.1775956572296971
498,Literal String Interpolation,Final,01-Aug-2015,18,5,2,7,0.11099940396269012,0.7267921467502623
701,Syntactic formalization of f-strings,Final,15-Nov-2022,18,3,2,5,0.07459163176361382,1.0
536,Final Grammar for Literal String Interpolation,Withdrawn,11-Dec-2016,18,1,2,3,0.05938966027950007,0.23698531750919716
378,Format Specifier for Thousands Separator,Final,12-Mar-2009,18,1,1,2,0.05789256965740292,0.9254083682363862
501,General purpose template literal strings,Withdrawn,08-Aug-2015,18,3,6,9,0.05765698431979293,0.7844491310700552
750,Template Strings,Final,08-Jul-2024,18,2,3,5,0.04762453972733717,0.5763363508948823
292,Simpler String Substitutions,Final,18-Jun-2002,18,2,1,3,0.04056403809350885,0.49317792018253764
306,How to Change Python's Grammar,Withdrawn,29-Jan-2003,18,1,0,1,0.03945639189268986,0.6157927427875721
475,Retry system calls failing with EINTR,Final,29-Jul-2014,18,1,0,1,0.03553389098500746,0.27251920849420463
682,Format Specifier for Signed Zero,Final,29-Jan-2022,18,1,1,2,0.03553389098500746,0.5287118111675451
502,String Interpolation - Extended Discussion,Rejected,10-Aug-2015,18,0,5,5,0.02768888916964267,0.8675157985789832
786,Precision and modulo-precision flag format specifiers for integer fields,Draft,04-Apr-2025,18,0,3,3,0.02768888916964267,0.02768888916964267
787,Safer subprocess usage using t-strings,Deferred,13-Apr-2025,18,0,2,2,0.02768888916964267,0.05537777833928534
3126,Remove Implicit String Concatenation,Rejected,29-Apr-2007,18,0,1,1,0.02768888916964267,0.8121380202396978
3127,Integer Literal Support and Syntax,Final,14-Mar-2007,18,0,2,2,0.02768888916964267,0.8398269094093406
8,Style Guide for Python Code,Active,05-Jul-2001,19,11,2,13,0.2933984505322349,0.4958905509625924
3131,Supporting Non-ASCII Identifiers,Final,01-May-2007,19,2,0,2,0.16553463316698774,0.9779247685078833
7,Style Guide for C Code,Active,05-Jul-2001,19,1,1,2,0.14677053867255258,0.20249210043035748
3108,Standard Library Reorganization,Final,01-Jan-2007,19,2,3,5,0.040839325986551885,0.6582345519787425
3150,"Statement local namespaces (aka ""given"" clause)",Deferred,09-Jul-2010,19,1,3,4,0.03576383767014914,0.5316543886327415
324,subprocess - New process module,Final,19-Nov-2003,19,1,0,1,0.03364633026568818,0.03364633026568818
360,Externally Maintained Packages,Final,30-May-2006,19,1,0,1,0.03364633026568818,0.7461644408645455
359,"The ""make"" Statement",Withdrawn,05-Apr-2006,19,1,0,1,0.032208327127998065,0.6904428791067405
403,"General purpose decorator clause (aka ""@in"" clause)",Deferred,13-Oct-2011,19,1,2,3,0.032208327127998065,0.5638627157607395
601,Forbid return/break/continue breaking out of finally,Rejected,26-Aug-2019,19,1,1,2,0.0314572787393343,0.5953199945000739
364,Transitioning to the Py3K Standard Library,Withdrawn,01-Mar-2007,19,0,2,2,0.022075231492116716,0.7682396723566621
391,Dictionary-Based Configuration For Logging,Final,15-Oct-2009,19,0,1,1,0.022075231492116716,0.0557215617578049
423,Naming conventions and recipes related to packaging,Deferred,24-May-2012,19,0,2,2,0.022075231492116716,0.7125181105988573
672,Unicode-related Security Considerations for Python,Active,01-Nov-2021,19,0,1,1,0.022075231492116716,0.6173952259921907
760,No More Bare Excepts,Withdrawn,02-Oct-2024,19,0,1,1,0.022075231492116716,0.7903149038487789
762,REPL-acing the default REPL,Final,11-Oct-2024,19,0,1,1,0.022075231492116716,0.8123901353408955
765,Disallow return/break/continue that exit a finally block,Final,15-Nov-2024,19,0,2,2,0.022075231492116716,1.0
506,Adding A Secrets Module To The Standard Library,Final,19-Sep-2015,20,3,1,4,0.21950230348844335,0.9519827417944303
504,Using the System RNG by default,Withdrawn,15-Sep-2015,20,1,1,2,0.2047817347332168,0.732480438305987
3115,Metaclasses in Python 3000,Final,07-Mar-2007,20,3,0,3,0.07432113225362741,0.41902672401865587
522,Allow BlockingIOError in security sensitive APIs,Rejected,16-Jun-2016,20,1,2,3,0.05682616510251723,0.1472265199257059
3130,Access to Current Module/Class/Function,Rejected,22-Apr-2007,20,2,0,2,0.055013888497573604,0.055013888497573604
487,Simpler customisation of class creation,Final,27-Feb-2015,20,3,3,6,0.049742668405899554,0.34470559176502846
3135,New Super,Final,28-Apr-2007,20,2,2,4,0.048017258205569534,0.9999999999999999
422,Simpler customisation of class creation,Withdrawn,05-Jun-2012,20,2,3,5,0.047331905520018674,0.29496292335912894
524,Make os.urandom() blocking on Linux,Final,20-Jun-2016,20,2,1,3,0.04544383453119449,0.1926703544569004
367,New Super,Superseded,28-Apr-2007,20,1,2,3,0.03860623449593319,0.4758318526943437
468,Preserving the order of \*\*kwargs in a function.,Final,05-Apr-2014,20,2,0,2,0.03676176920245518,0.22943212365935559
520,Preserving Class Attribute Definition Order,Final,07-Jun-2016,20,2,2,4,0.03538646632561508,0.09040035482318869
372,Adding an ordered dictionary to collections,Final,15-Jun-2008,20,1,1,2,0.03366795669867176,0.5094998093930154
375,Python 3.1 Release Schedule,Final,08-Feb-2009,20,0,1,1,0.018198894179754663,0.5276987035727702
472,Support for indexing with keyword arguments,Rejected,24-Jun-2014,20,0,1,1,0.018198894179754663,0.24763101783911023
494,Python 3.6 Release Schedule,Final,30-May-2015,20,0,5,5,0.018198894179754663,0.43722561819841055
540,Add a new UTF-8 Mode,Final,05-Jan-2016,21,5,3,8,0.10894826932981205,0.5651566130064715
315,Enhanced While Loop,Rejected,25-Apr-2003,21,1,0,1,0.0985228016583192,1.0
528,Change Windows console encoding to UTF-8,Final,27-Aug-2016,21,2,0,2,0.0832090139430724,0.2208438071390629
529,Change Windows filesystem encoding to UTF-8,Final,27-Aug-2016,21,2,0,2,0.0832090139430724,0.30405282108213527
548,More Flexible Loop Control,Rejected,05-Sep-2017,21,1,1,2,0.08120981684025902,0.6463664298467304
538,Coercing the legacy C locale to a UTF-8 based locale,Final,28-Dec-2016,21,3,3,6,0.08062540810192109,0.4562083436766594
456,Secure and interchangeable hash algorithm,Final,27-Sep-2013,21,1,0,1,0.07179055472447116,0.07179055472447116
587,Python Initialization Configuration,Final,27-Mar-2019,21,2,4,6,0.06584423847151935,0.1376347931959905
553,Built-in breakpoint(),Final,05-Sep-2017,21,2,1,3,0.0608382456687591,0.7864584083054345
432,Restructuring the CPython startup sequence,Withdrawn,28-Dec-2012,21,2,2,4,0.0560252697548722,0.9014771983416808
552,Deterministic pycs,Final,04-Sep-2017,21,2,1,3,0.0497569726492578,0.7256201626366754
597,Add optional EncodingWarning,Final,05-Jun-2019,21,1,0,1,0.042033354351915894,0.3460861754340512
537,Python 3.7 Release Schedule,Final,23-Dec-2016,21,0,4,4,0.029496760140687094,0.37558293557473826
559,Built-in noop(),Rejected,08-Sep-2017,21,0,1,1,0.029496760140687094,0.8454519285868086
686,Make UTF-8 mode default,Final,18-Mar-2022,21,0,2,2,0.029496760140687094,0.8159551684461216
741,Python Configuration C API,Final,18-Jan-2024,21,0,2,2,0.029496760140687094,0.6758631899874176
567,Context Variables,Final,12-Dec-2017,22,4,2,6,0.266138205078606,0.729898184807302
550,Execution Context,Withdrawn,11-Aug-2017,22,3,2,5,0.1962316880066074,0.22083067859716782
568,Generator-sensitivity for Context Variables,Deferred,04-Jan-2018,22,2,2,4,0.137706763668817,0.867604948476119
521,Managing global context via 'with' blocks in generators and coroutines,Withdrawn,27-Apr-2015,22,1,1,2,0.10092136668017501,0.3567993543751106
442,Safe object finalization,Final,18-May-2013,22,1,0,1,0.04476387145480163,0.9123688199309206
351,The freeze protocol,Rejected,14-Apr-2005,22,2,0,2,0.0350537627600978,1.0
533,Deterministic cleanup for iterators,Deferred,18-Oct-2016,22,2,1,3,0.032046658369653716,0.4637599797286959
412,Key-Sharing Dictionary,Final,08-Feb-2012,22,1,0,1,0.027978426718421278,0.9649462372399022
782,Add PyBytesWriter C API,Final,27-Mar-2025,22,1,0,1,0.024971322327977198,0.406741999031065
789,Preventing task-cancellation bugs by limiting yield in async generators,Draft,14-May-2024,22,1,3,4,0.024971322327977198,0.4317133213590422
814,Add frozendict built-in type,Final,12-Nov-2025,22,1,3,4,0.024971322327977198,0.38177067670308784
416,Add a frozendict builtin type,Rejected,29-Feb-2012,22,1,2,3,0.02459899059056042,0.02459899059056042
603,Adding a frozenmap type to collections,Draft,12-Sep-2019,22,1,1,2,0.02459899059056042,0.936967810521481
806,Mixed sync/async context managers with precise async marking,Rejected,05-Sep-2025,22,0,2,2,0.0175236545488839,0.23835433314605173
839,PyFrozenSetWriter and PyFrozenDictWriter C API,Draft,15-Jul-2026,22,0,2,2,0.0175236545488839,0.25587798769493564
211,Adding A New Outer Product Operator,Rejected,15-Jul-2000,23,4,3,7,0.17177770032128342,0.9405473352082281
465,A dedicated infix operator for matrix multiplication,Final,20-Feb-2014,23,4,2,6,0.14807247406191032,0.7687696348869446
225,Elementwise/Objectwise Operators,Rejected,19-Sep-2000,23,3,2,5,0.1438994178252263,0.1438994178252263
461,Adding % formatting to bytes and bytearray,Final,13-Jan-2014,23,2,1,3,0.12995470875925125,0.46187042584812904
460,Add binary interpolation and formatting,Withdrawn,06-Jan-2014,23,1,1,2,0.12856363447187985,0.3319157170888778
209,Multi-dimensional Arrays,Withdrawn,03-Jan-2001,23,1,4,5,0.06677797188664863,0.6206971608250343
207,Rich Comparisons,Final,25-Jul-2000,23,2,0,2,0.059750977052045115,0.5216214029001741
208,Reworking the Coercion Model,Final,04-Dec-2000,23,1,1,2,0.03229778603821156,0.5539191889383858
441,Improving Python ZIP Application Support,Final,30-Mar-2013,23,1,0,1,0.02067262782039814,0.9818925908490244
471,os.scandir() function -- a better and faster directory iterator,Final,30-May-2014,23,1,0,1,0.02067262782039814,0.9612199630286262
485,A Function for testing approximate equality,Final,20-Jan-2015,23,1,0,1,0.02067262782039814,0.16457204564562444
488,Elimination of PYO files,Final,20-Feb-2015,23,1,1,2,0.02067262782039814,0.18524467346602258
203,Augmented Assignments,Final,13-Jul-2000,23,0,1,1,0.018107409150975348,0.20335208261699794
478,Python 3.5 Release Schedule,Final,22-Sep-2014,23,0,6,6,0.018107409150975348,0.9999999999999997
399,Pure Python/C Accelerator Module Compatibility Requirements,Final,04-Apr-2011,24,4,0,4,0.12944492021432513,0.6054758194959813
3155,Qualified name for classes and functions,Final,29-Oct-2011,24,3,0,3,0.11724979346801714,0.7759337815620109
3003,Python Language Moratorium,Final,21-Oct-2009,24,2,0,2,0.11670936354192074,0.9557290710082538
421,Adding sys.implementation,Final,26-Apr-2012,24,2,2,4,0.09083816242316489,0.3154658757875755
3139,"Cleaning out sys and the ""interpreter"" module",Rejected,04-Apr-2008,24,1,0,1,0.08287768678290625,0.18035678437266464
398,Python 3.3 Release Schedule,Final,23-Mar-2011,24,1,6,7,0.06308592590432223,0.47603089928165615
407,New release cycle and introducing long-term support versions,Deferred,12-Jan-2012,24,1,1,2,0.06308592590432223,0.839019707466333
362,Function Signature Object,Final,21-Aug-2006,24,1,0,1,0.05320816859801241,0.41294497337733393
417,Including mock in the Standard Library,Final,12-Mar-2012,24,1,0,1,0.05320816859801241,0.05320816859801241
3154,Pickle protocol version 4,Final,11-Aug-2011,24,1,1,2,0.05320816859801241,0.6586839880939936
392,Python 3.2 Release Schedule,Final,30-Dec-2009,24,0,2,2,0.04427092899174599,0.3597368047793215
413,Faster evolution of the Python Standard Library,Withdrawn,24-Feb-2012,24,0,2,2,0.04427092899174599,0.9999999999999998
737,C API to format a type fully qualified name,Final,29-Nov-2023,24,0,2,2,0.04427092899174599,0.0974790975897584
739,``build-details.json`` 1.0 — a static description file for Python build details,Accepted,19-Dec-2023,24,0,1,1,0.04427092899174599,0.22462771336441062
586,Literal Types,Final,14-Mar-2019,25,4,1,5,0.2919868617553559,0.5455984688982131
591,Adding a final qualifier to typing,Final,15-Mar-2019,25,4,1,5,0.28984063705881835,0.9171499441964288
578,Python Runtime Audit Hooks,Final,16-Jun-2018,25,3,1,4,0.11245001160363684,0.13659733303220828
551,Security transparency in the Python runtime,Withdrawn,23-Aug-2017,25,1,1,2,0.10629998839636323,0.25361160714285724
589,TypedDict: Type Hints for Dictionaries with a Fixed Set of Keys,Final,20-Mar-2019,25,5,2,7,0.05535709800502233,0.6009555669032354
655,Marking individual TypedDict items as required or potentially-missing,Final,30-Jan-2021,25,2,1,3,0.026353740234375006,0.6273093071376104
692,Using TypedDict for more precise \*\*kwargs typing,Final,29-May-2022,25,3,2,5,0.024725055803571434,0.9418750000000002
705,TypedDict: Read-only items,Final,07-Nov-2022,25,2,4,6,0.02414732142857143,0.02414732142857143
728,TypedDict with Typed Extra Items,Final,12-Sep-2023,25,1,3,4,0.015267857142857146,0.9678571428571431
569,Python 3.8 Release Schedule,Final,27-Jan-2018,25,0,4,4,0.010714285714285716,0.9785714285714288
675,Arbitrary Literal String Type,Final,30-Nov-2021,25,0,1,1,0.010714285714285716,0.14731161874649398
767,Annotating Read-Only Attributes,Draft,18-Nov-2024,25,0,1,1,0.010714285714285716,1.0000000000000002
821,Support for unpacking TypedDicts in Callable type hints,Draft,12-Jan-2026,25,0,2,2,0.010714285714285716,0.9525892857142859
829,Package Startup Configuration Files,Final,31-Mar-2026,25,0,1,1,0.010714285714285716,0.9892857142857144
11,CPython platform support,Active,07-Jul-2002,26,8,1,9,0.43140985088761896,0.5492000294590476
816,WASI Support,Active,05-Nov-2025,26,1,1,2,0.3774071133980958,0.9418750000000005
744,JIT Compilation,Draft,11-Apr-2024,26,3,1,4,0.034544642857142864,0.08954464285714286
776,Emscripten Support,Active,18-Mar-2025,26,2,1,3,0.028245535714285716,0.1177901785714286
775,Make zlib required to build CPython,Withdrawn,24-Feb-2025,26,1,1,2,0.019821428571428573,0.05500000000000001
730,Adding iOS as a supported platform,Final,09-Oct-2023,26,1,1,2,0.015267857142857146,0.9785714285714291
783,Emscripten Packaging,Accepted,28-Mar-2025,26,1,1,2,0.015267857142857146,0.5644678866019047
774,Removing the LLVM requirement for JIT builds,Deferred,27-Jan-2025,26,1,1,2,0.013750000000000002,0.035178571428571434
539,A New C-API for Thread-Local Storage in CPython,Final,20-Dec-2016,26,0,1,1,0.010714285714285716,0.9892857142857148
738,Adding Android as a supported platform,Final,12-Dec-2023,26,0,2,2,0.010714285714285716,0.010714285714285716
784,Adding Zstandard to the standard library,Final,06-Apr-2025,26,0,1,1,0.010714285714285716,0.9525892857142862
818,Adding the Core of the Pyodide Foreign Function Interface to Python,Draft,10-Dec-2025,26,0,2,2,0.010714285714285716,0.9633035714285719
831,Frame Pointers Everywhere: Enabling System-Level Observability for Python,Final,14-Mar-2026,26,0,1,1,0.010714285714285716,1.0000000000000004
836,JIT Go Brrr: The Path to a Supported JIT Compiler for CPython,Draft,02-Jul-2026,26,0,3,3,0.010714285714285716,0.021428571428571432
3119,Introducing Abstract Base Classes,Final,18-Apr-2007,27,2,2,4,0.15837692408335582,0.4927255963617508
3141,A Type Hierarchy for Numbers,Final,23-Apr-2007,27,3,1,4,0.13436258002196863,0.15276628865779138
245,Python Interface Syntax,Rejected,11-Jan-2001,27,3,3,6,0.12033567235911563,0.8797159743389716
239,Adding a Rational Type to Python,Rejected,11-Mar-2001,27,3,3,6,0.11649561487252952,0.6684535141562118
3124,"Overloading, Generic Functions, Interfaces, and Adaptation",Deferred,28-Apr-2007,27,2,3,5,0.09092678782364426,0.759380301979856
246,Object Adaptation,Rejected,21-Mar-2001,27,3,1,4,0.08347660838938284,0.9631925827283545
327,Decimal Data Type,Final,17-Oct-2003,27,2,1,3,0.07658440570630938,0.22935069436410077
240,Adding a Rational Literal to Python,Rejected,11-Mar-2001,27,2,2,4,0.05923230292193144,0.5519578992836822
232,Function Attributes,Final,02-Dec-2000,27,1,0,1,0.0524989889571471,0.2818496833212479
233,Python Online Help,Deferred,11-Dec-2000,27,1,0,1,0.0524989889571471,0.33434867227839493
228,Reworking Python's Numeric Model,Withdrawn,04-Nov-2000,27,0,1,1,0.018403708635822753,0.018403708635822753
313,Adding Roman Numeral Literals to Python,Rejected,01-Apr-2003,27,0,2,2,0.018403708635822753,0.9815962913641773
443,Single-dispatch generic functions,Final,22-May-2013,27,0,3,3,0.018403708635822753,1.0
343,"The ""with"" Statement",Final,13-May-2005,28,7,5,12,0.24451305767042752,0.687852539880524
342,Coroutines via Enhanced Generators,Final,10-May-2005,28,5,4,9,0.12056273882311691,0.8084152787036408
310,Reliable Acquisition/Release Pairs,Rejected,18-Dec-2002,28,4,2,6,0.1194328602251899,0.4433394822100964
319,Python Synchronize/Asynchronize Block,Rejected,24-Feb-2003,28,2,2,4,0.10386379994328185,1.0000000000000002
288,Generators Attributes and Exceptions,Withdrawn,21-Mar-2002,28,4,1,5,0.09465921732499995,0.09465921732499995
340,Anonymous Block Statements,Rejected,27-Apr-2005,28,3,5,8,0.08624879237109027,0.3239066219849065
325,Resource-Release Support for Generators,Rejected,25-Aug-2003,28,6,2,8,0.08309440080249174,0.17775361812749169
346,"User Defined (""``with``"") Statements",Withdrawn,06-May-2005,28,1,6,7,0.053105536737692874,0.8730592769797952
3333,Python Web Server Gateway Interface v1.0.1,Final,26-Sep-2010,28,3,3,6,0.0351401439312583,0.21289376205875
333,Python Web Server Gateway Interface v1.0,Final,07-Dec-2003,28,2,2,4,0.024764067555066254,0.23765782961381623
377,Allow __enter__() methods to skip the statement body,Rejected,08-Mar-2009,28,0,1,1,0.01153846153846154,0.8199537402421023
414,Explicit Unicode Literal for Python 3.3,Final,15-Feb-2012,28,0,1,1,0.01153846153846154,0.8961362000567183
444,Python Web3 Interface,Deferred,19-Jul-2010,28,0,3,3,0.01153846153846154,0.8845977385182567
277,Unicode file name support for Windows NT,Final,11-Jan-2002,29,1,0,1,0.0859512302925086,0.7720585576990855
293,Codec Error Handling Callbacks,Final,18-Jun-2002,29,1,0,1,0.0859512302925086,0.24878065948196454
355,Path - Object oriented filesystem paths,Rejected,24-Jan-2006,29,1,0,1,0.0859512302925086,0.16282942918945592
411,Provisional packages in the Python standard library,Superseded,10-Feb-2012,29,1,6,7,0.0859512302925086,0.9237175964684862
2,Procedure for Adding New Modules,Active,07-Jul-2001,29,2,0,2,0.07687819889694732,0.07687819889694732
368,Standard image protocol and class,Deferred,28-Jun-2007,29,2,0,2,0.07687819889694732,0.6092291285096296
3143,Standard daemon process library,Deferred,26-Jan-2009,29,2,0,2,0.07687819889694732,0.3791903271842212
3144,IP Address Manipulation Library for the Python Standard Library,Final,06-Feb-2012,29,2,0,2,0.07687819889694732,0.4560685260811685
3153,Asynchronous IO support,Superseded,29-May-2011,29,2,0,2,0.07687819889694732,0.686107327406577
383,Non-decodable Bytes in System Character Interfaces,Final,22-Apr-2009,29,1,2,3,0.07628240353151383,1.0
428,The pathlib module -- object-oriented filesystem paths,Final,30-Jul-2012,29,1,2,3,0.07628240353151383,0.5323509296126823
408,Standard library __preview__ package,Rejected,07-Jan-2012,29,1,5,6,0.065707808476892,0.8377663661759776
519,Adding a file system path protocol,Final,11-May-2016,29,0,2,2,0.05353146880530931,0.30231212828727383
380,Syntax for Delegating to a Subgenerator,Final,13-Feb-2009,30,6,0,6,0.23930364510106042,0.8400811842806326
492,Coroutines with async and await syntax,Final,09-Apr-2015,30,3,4,7,0.10892127408416052,0.22637827488940823
3156,"Asynchronous IO Support Rebooted: the ""asyncio"" Module",Final,12-Dec-2012,30,2,4,6,0.09702344776554868,0.5608438362159998
418,"Add monotonic time, performance counter, and process time functions",Final,26-Mar-2012,30,2,0,2,0.0775232978416752,0.0775232978416752
525,Asynchronous Generators,Final,28-Jul-2016,30,2,2,4,0.07387777891022473,0.30025605379963294
479,Change StopIteration handling inside generators,Final,15-Nov-2014,30,1,1,2,0.06307937181889646,1.0000000000000002
3152,Cofunctions,Rejected,13-Feb-2009,30,1,1,2,0.06307937181889646,0.4238866854868785
3148,futures - execute computations asynchronously,Final,16-Oct-2009,30,1,0,1,0.0605512598683491,0.3608073136679821
410,Use decimal.Decimal type for timestamps,Rejected,01-Feb-2012,30,1,0,1,0.05690574093689861,0.8969869252175312
530,Asynchronous Comprehensions,Final,03-Sep-2016,30,0,2,2,0.0399337029635725,0.46382038845045104
564,Add new time functions with nanosecond resolution,Final,16-Oct-2017,30,0,2,2,0.0399337029635725,0.6007775391795722
828,Supporting 'yield from' in asynchronous generators,Accepted,07-Mar-2026,30,0,2,2,0.0399337029635725,0.9369206281811038
3145,Asynchronous I/O For subprocess.Popen,Withdrawn,04-Aug-2009,30,0,1,1,0.0399337029635725,0.11745700080524771
425,Compatibility Tags for Built Distributions,Final,27-Jul-2012,31,7,1,8,0.3865168932815211,0.43439601976561715
427,The Wheel Binary Package Format 1.0,Final,20-Sep-2012,31,6,1,7,0.3853899734132393,0.8516923166011402
491,The Wheel Binary Package Format 1.9,Deferred,16-Apr-2015,31,2,2,4,0.03190632342228383,0.4663023431879009
513,A Platform Tag for Portable Linux Built Distributions,Superseded,19-Jan-2016,31,3,3,6,0.03181439283289311,0.03181439283289311
3149,ABI version tagged .so files,Final,09-Jul-2010,31,2,0,2,0.02743340609342966,0.8791257226945699
571,The manylinux2010 Platform Tag,Superseded,05-Feb-2018,31,2,3,5,0.024790435973682946,0.9999999999999994
527,Removing Un(der)used file types/extensions on PyPI,Final,23-Aug-2016,31,1,0,1,0.022892245452964123,0.9180827017987369
600,Future 'manylinux' Platform Tags for Portable Linux Built Distributions,Final,03-May-2019,31,1,4,5,0.02061640818571038,0.9752095640263165
599,The manylinux2014 Platform Tag,Superseded,29-Apr-2019,31,1,4,5,0.02044572039066635,0.9545931558406061
656,Platform Tag for Linux Distributions Using Musl,Final,17-Mar-2021,31,0,3,3,0.016064733651202895,0.9341474354499397
715,Disabling bdist_egg distribution uploads on PyPI,Final,06-Jun-2023,31,0,2,2,0.016064733651202895,0.8951904563457728
777,How to Re-invent the Wheel,Draft,09-Oct-2024,31,0,2,2,0.016064733651202895,0.04787912648409601
1,PEP Purpose and Guidelines,Active,13-Jun-2000,32,5,2,7,0.3159965230331434,0.47064357089100206
12,Sample reStructuredText PEP Template,Active,05-Aug-2002,32,4,1,5,0.23215817805045572,0.8972462888963528
676,PEP Infrastructure Process,Active,01-Nov-2021,32,1,2,3,0.14961327516264625,0.63557244016445
287,reStructuredText Docstring Format,Active,25-Mar-2002,32,3,4,7,0.06682259602642522,1.0
256,Docstring Processing System Framework,Rejected,01-Jun-2001,32,3,3,6,0.05135063330827354,0.05135063330827354
258,Docutils Design Specification,Rejected,31-May-2001,32,2,6,8,0.04528472493914251,0.13291600935128198
257,Docstring Conventions,Active,29-May-2001,32,2,2,4,0.036280651103865934,0.08763128441213947
216,Docstring Format,Withdrawn,31-Jul-2000,32,2,1,3,0.035931115077222,0.9331774039735747
9,Sample Plaintext PEP Template,Withdrawn,14-Aug-2001,32,1,2,3,0.029515670681447052,0.665088110845897
224,Attribute Docstrings,Rejected,23-Aug-2000,32,1,0,1,0.02173103850657665,0.15464704785785863
226,Python 2.1 Release Schedule,Final,16-Oct-2000,32,0,1,1,0.015315594110801693,0.48595916500180375
308,Conditional Expressions,Final,07-Feb-2003,33,4,0,4,0.21973514969953753,0.4278820195840751
318,Decorators for Functions and Methods,Final,05-Jun-2003,33,1,2,3,0.1931551104214719,1.0000000000000002
3129,Class Decorators,Final,01-May-2007,33,2,1,3,0.17081600010991568,0.7588847679065291
309,Partial Function Application,Final,08-Feb-2003,33,1,0,1,0.05611331327026955,0.5401086461246142
341,Unifying try-except and try-finally,Final,04-May-2005,33,1,0,1,0.05611331327026955,0.48399533285434465
353,Using ssize_t as the index type,Final,18-Dec-2005,33,1,0,1,0.05611331327026955,0.05611331327026955
357,Allowing Any Object to be Used for Slicing,Final,09-Feb-2006,33,1,0,1,0.05611331327026955,0.16018674821253834
312,Simple Implicit Lambda,Deferred,11-Feb-2003,33,0,1,1,0.04796012167199924,0.5880687677966134
356,Python 2.5 Release Schedule,Final,07-Feb-2006,33,0,5,5,0.04796012167199924,0.10407343494226878
463,Exception-catching expressions,Rejected,15-Feb-2014,33,0,1,1,0.04796012167199924,0.20814686988453757
3133,Introducing Roles,Rejected,01-May-2007,33,0,1,1,0.04796012167199924,0.8068448895785284
654,Exception Groups and except*,Final,22-Feb-2021,34,4,0,4,0.21096014552548706,0.652203935219654
515,Underscores in Numeric Literals,Final,10-Feb-2016,34,1,0,1,0.12180399922149776,0.20029838312624448
523,Adding a frame evaluation API to CPython,Final,16-May-2016,34,1,0,1,0.11517106812396463,0.441243789694167
657,Include Fine Grained Error Locations in Tracebacks,Final,08-May-2021,34,1,0,1,0.0884437805510464,0.7406477157707005
641,Using an underscore in the version portion of Python 3.10 compatibility tags,Rejected,20-Oct-2020,34,1,1,2,0.07849438390474674,0.07849438390474674
664,Python 3.11 Release Schedule,Active,12-Jul-2021,34,1,2,3,0.07849438390474674,0.8742256615560423
669,Low Impact Monitoring for CPython,Final,18-Aug-2021,34,1,1,2,0.07069077656336284,0.9449164381194051
678,Enriching Exceptions with Notes,Final,20-Dec-2021,34,1,1,2,0.07069077656336284,0.27098915968960735
785,New methods for easier handling of ``ExceptionGroup``\ s,Draft,08-Apr-2025,34,0,1,1,0.05508356188059506,0.7957312776512956
830,Add timestamps to exceptions and tracebacks,Draft,15-Mar-2026,34,0,3,3,0.05508356188059506,1.0000000000000002
2026,Calendar versioning for Python,Rejected,11-Jun-2024,34,0,2,2,0.05508356188059506,0.3260727215702024
793,PyModExport: A new entry point for C extension modules,Final,23-May-2025,35,3,2,5,0.19357584284224844,0.7699127086513552
652,Maintaining the Stable ABI,Final,09-Feb-2021,35,3,0,3,0.1493549992482352,0.4435782246290805
703,Making the Global Interpreter Lock Optional in CPython,Final,09-Jan-2023,35,3,0,3,0.1493549992482352,0.9999999999999999
803,"""abi3t"": Stable ABI for Free-Threaded Builds",Final,19-Aug-2025,35,2,6,8,0.1427765654278429,0.1427765654278429
820,PySlot: Unified slot system for the C API,Final,19-Dec-2025,35,1,1,2,0.13275864118002625,0.5763368658091067
697,Limited C API for Extending Opaque Types,Final,23-Aug-2022,35,2,1,3,0.0807322921004095,0.8506450007517646
779,Criteria for supported status for free-threaded Python,Final,13-Mar-2025,35,2,1,3,0.0807322921004095,0.2942232253808453
809,Stable ABI for the Future,Draft,19-Sep-2025,35,1,6,7,0.07071436785259289,0.21349093328043578
3102,Keyword-Only Arguments,Final,22-Apr-2006,36,3,0,3,0.3515835668098292,0.9999999999999999
3113,Removal of Tuple Parameter Unpacking,Final,02-Mar-2007,36,2,1,3,0.19004496184415934,0.44715045491894084
570,Python Positional-Only Parameters,Final,20-Jan-2018,36,1,3,4,0.1822978729172758,0.2571054930747815
457,Notation For Positional-Only Parameters,Final,08-Oct-2013,36,1,1,2,0.1264583581137241,0.6484164331901706
736,Shorthand syntax for keyword arguments at invocation,Rejected,28-Nov-2023,36,0,1,1,0.0748076201575057,0.0748076201575057
3114,Renaming iterator.next() to iterator.__next__(),Final,04-Mar-2007,36,0,1,1,0.0748076201575057,0.5219580750764465
3118,Revising the buffer protocol,Final,28-Aug-2006,37,3,0,3,0.41390787914100396,0.8675498565708436
436,The Argument Clinic DSL,Final,22-Feb-2013,37,1,0,1,0.18874169057152618,0.3211918340006829
437,"A DSL for specifying signatures, annotations and argument converters",Rejected,11-Mar-2013,37,0,2,2,0.13245014342915673,0.45364197742983964
574,Pickle protocol 5 with out-of-band data,Final,23-Mar-2018,37,0,1,1,0.13245014342915673,1.0000000000000004
688,Making the buffer protocol accessible in Python,Final,23-Apr-2022,37,0,1,1,0.13245014342915673,0.13245014342915673
214,Extended Print Statement,Final,24-Jul-2000,38,1,0,1,0.37012974744707666,0.629870252552923
223,Change the Meaning of ``\x`` Escapes,Final,20-Aug-2000,38,1,0,1,0.37012974744707666,0.9999999999999997
200,Python 2.0 Release Schedule,Final,12-Jul-2000,38,0,2,2,0.25974050510584634,0.25974050510584634
100,Python Unicode Integration,Final,10-Mar-2000,39,1,0,1,0.37012974744707666,0.629870252552923
3116,New I/O,Final,26-Feb-2007,39,1,0,1,0.37012974744707666,0.9999999999999997
400,Deprecate codecs.StreamReader and codecs.StreamWriter,Deferred,28-May-2011,39,0,2,2,0.25974050510584634,0.25974050510584634
581,Using GitHub Issues for CPython,Final,20-Jun-2018,40,2,1,3,0.475,1.0
588,GitHub Issues Migration Plan,Final,27-Mar-2019,40,2,1,3,0.475,0.525
595,Improving bugs.python.org,Withdrawn,12-May-2019,40,0,2,2,0.05,0.05
248,Python Database API Specification v1.0,Final,08-May-1996,41,1,0,1,0.649122638064138,0.649122638064138
249,Python Database API Specification v2.0,Final,12-Apr-1999,41,0,1,1,0.3508773619358619,0.9999999999999998
247,API for Cryptographic Hash Functions,Final,23-Mar-2001,42,1,0,1,0.649122638064138,0.9999999999999998
452,API for Cryptographic Hash Functions v2.0,Final,15-Aug-2013,42,0,1,1,0.3508773619358619,0.3508773619358619
3106,"Revamping dict.keys(), .values() and .items()",Final,19-Dec-2006,43,1,0,1,0.649122638064138,0.649122638064138
469,Migration of dict iteration code to Python 3,Withdrawn,18-Apr-2014,43,0,1,1,0.3508773619358619,0.9999999999999998
3138,String representation in Python 3000,Final,05-May-2008,44,1,0,1,0.649122638064138,0.649122638064138
3140,"str(container) should call str(item), not repr(item)",Rejected,27-May-2008,44,0,1,1,0.3508773619358619,0.9999999999999998
10,Voting Guidelines,Active,07-Mar-2002,45,0,0,0,,
103,Collecting information about git,Withdrawn,01-Jun-2015,45,0,0,0,,
160,Python 1.6 Release Schedule,Final,25-Jul-2000,45,0,0,0,,
205,Weak References,Final,14-Jul-2000,45,0,0,0,,
210,Decoupling the Interpreter Loop,Rejected,15-Jul-2000,45,0,0,0,,
217,Display Hook for Interactive Use,Final,31-Jul-2000,45,0,0,0,,
221,Import As,Final,15-Aug-2000,45,0,0,0,,
222,Web Library Enhancements,Deferred,18-Aug-2000,45,0,0,0,,
229,Using Distutils to Build Python,Final,16-Nov-2000,45,0,0,0,,
242,Numeric Kinds,Withdrawn,17-Mar-2001,45,0,0,0,,
250,Using site-packages on Windows,Final,30-Mar-2001,45,0,0,0,,
259,Omit printing newline after newline,Rejected,11-Jun-2001,45,0,0,0,,
260,Simplify xrange(),Final,26-Jun-2001,45,0,0,0,,
261,"Support for ""wide"" Unicode characters",Final,27-Jun-2001,45,0,0,0,,
265,Sorting Dictionaries by Value,Rejected,08-Aug-2001,45,0,0,0,,
268,Extended HTTP functionality and WebDAV,Rejected,20-Aug-2001,45,0,0,0,,
271,Prefixing sys.path by command line option,Rejected,15-Aug-2001,45,0,0,0,,
272,API for Block Encryption Algorithms v1.0,Final,18-Sep-2001,45,0,0,0,,
295,Interpretation of multiline string constants,Rejected,22-Jul-2002,45,0,0,0,,
297,Support for System Upgrades,Rejected,19-Jul-2001,45,0,0,0,,
303,Extend divmod() for Multiple Divisors,Rejected,31-Dec-2002,45,0,0,0,,
316,Programming by Contract for Python,Deferred,02-May-2003,45,0,0,0,,
321,Date/Time Parsing and Formatting,Withdrawn,16-Sep-2003,45,0,0,0,,
326,A Case for Top and Bottom Values,Rejected,20-Dec-2003,45,0,0,0,,
330,Python Bytecode Verification,Rejected,17-Jun-2004,45,0,0,0,,
331,Locale-Independent Float/String Conversions,Final,19-Jul-2003,45,0,0,0,,
332,Byte vectors and String/Unicode Unification,Rejected,11-Aug-2004,45,0,0,0,,
336,Make None Callable,Rejected,28-Oct-2004,45,0,0,0,,
339,Design of the CPython Compiler,Withdrawn,02-Feb-2005,45,0,0,0,,
349,Allow str() to return unicode strings,Rejected,02-Aug-2005,45,0,0,0,,
350,Codetags,Rejected,27-Jun-2005,45,0,0,0,,
363,Syntax For Dynamic Attribute Access,Rejected,29-Jan-2007,45,0,0,0,,
365,Adding the pkg_resources module,Rejected,30-Apr-2007,45,0,0,0,,
379,Adding an Assignment Expression,Withdrawn,14-Mar-2009,45,0,0,0,,
389,argparse - New Command Line Parsing Module,Final,25-Sep-2009,45,0,0,0,,
401,BDFL Retirement,April Fool!,01-Apr-2009,45,0,0,0,,
419,Protecting cleanup statements from interruptions,Deferred,06-Apr-2012,45,0,0,0,,
424,A method for exposing a length hint,Final,14-Jul-2012,45,0,0,0,,
430,Migrating to Python 3 as the default online documentation,Final,27-Oct-2012,45,0,0,0,,
434,IDLE Enhancement Exception for All Branches,Active,16-Feb-2013,45,0,0,0,,
473,Adding structured data to built-in exceptions,Rejected,29-Mar-2014,45,0,0,0,,
542,Dot Notation Assignment In Function Header,Rejected,10-Feb-2017,45,0,0,0,,
545,Python Documentation Translations,Active,04-Mar-2017,45,0,0,0,,
555,Context-local variables (contextvars),Withdrawn,06-Sep-2017,45,0,0,0,,
556,Threaded garbage collection,Deferred,08-Sep-2017,45,0,0,0,,
582,Python local packages directory,Rejected,16-May-2018,45,0,0,0,,
583,A Concurrency Memory Model for Python,Withdrawn,22-Mar-2008,45,0,0,0,,
611,The one million limit,Withdrawn,05-Dec-2019,45,0,0,0,,
628,Add ``math.tau``,Final,28-Jun-2011,45,0,0,0,,
648,Extensible customizations of the interpreter at startup,Rejected,30-Dec-2020,45,0,0,0,,
651,Robust Stack Overflow Handling,Rejected,18-Jan-2021,45,0,0,0,,
663,"Standardizing Enum str(), repr(), and format() behaviors",Rejected,30-Jun-2021,45,0,0,0,,
666,Reject Foolish Indentation,Rejected,03-Dec-2001,45,0,0,0,,
679,New assert statement syntax with parentheses,Rejected,07-Jan-2022,45,0,0,0,,
732,The Python Documentation Editorial Board,Active,14-Oct-2023,45,0,0,0,,
754,IEEE 754 Floating Point Special Values,Rejected,28-Mar-2003,45,0,0,0,,
757,C API to import-export Python integers,Final,13-Sep-2024,45,0,0,0,,
758,Allow ``except`` and ``except*`` expressions without parentheses,Final,30-Sep-2024,45,0,0,0,,
768,Safe external debugger interface for CPython,Final,25-Nov-2024,45,0,0,0,,
769,"Add a 'default' keyword argument to 'attrgetter', 'itemgetter' and 'getitem'",Rejected,22-Dec-2024,45,0,0,0,,
791,math.integer --- submodule for integer-specific mathematics functions,Final,12-May-2025,45,0,0,0,,
794,Import Name Metadata,Accepted,05-Jun-2025,45,0,0,0,,
800,Disjoint bases in the type system,Final,21-Jul-2025,45,0,0,0,,
801,Reserved,Active,21-Jun-2018,45,0,0,0,,
811,Defining Python Security Response Team membership and responsibilities,Active,22-Oct-2025,45,0,0,0,,
813,The Pretty Print Protocol,Draft,07-Nov-2025,45,0,0,0,,
815,Deprecate ``RECORD.jws`` and ``RECORD.p7s``,Final,04-Dec-2025,45,0,0,0,,
822,Dedented Multiline String (d-string),Draft,05-Jan-2026,45,0,0,0,,
832,Virtual environment discovery,Draft,19-Jan-2026,45,0,0,0,,
837,Extensible JSON serialization,Draft,12-Jul-2026,45,0,0,0,,
3123,Making PyObject_HEAD conform to standard C,Final,27-Apr-2007,45,0,0,0,,
3125,Remove Backslash Continuation,Rejected,29-Apr-2007,45,0,0,0,,
3128,BList: A Faster List-like Type,Rejected,30-Apr-2007,45,0,0,0,,
3132,Extended Iterable Unpacking,Final,30-Apr-2007,45,0,0,0,,
3136,Labeled break and continue,Rejected,30-Jun-2007,45,0,0,0,,
