detected_at,change_type,citing,cited,count_before,count_after
2026-03-07T04:33:27.412587+00:00,Added,827,612,,1
2026-03-07T04:33:27.412587+00:00,Added,827,646,,2
2026-03-07T04:33:27.412587+00:00,Added,827,649,,2
2026-03-07T04:33:27.412587+00:00,Added,827,681,,2
2026-03-07T04:33:27.412587+00:00,Added,827,692,,1
2026-03-07T04:33:27.412587+00:00,Added,827,764,,1
2026-03-07T04:33:27.412587+00:00,Changed,816,11,8,9
2026-03-13T12:21:42.239413+00:00,Added,828,380,,2
2026-03-13T12:21:42.239413+00:00,Added,828,525,,2
2026-03-13T12:21:42.239413+00:00,Changed,820,793,4,5
2026-03-21T01:38:20.614519+00:00,Added,820,820,,1
2026-03-21T01:38:20.614519+00:00,Changed,820,793,5,6
2026-03-27T12:25:22.683410+00:00,Added,803,3149,,2
2026-03-27T12:25:22.683410+00:00,Deleted,788,311,1,
2026-03-27T12:25:22.683410+00:00,Changed,13,8106,2,1
2026-03-27T12:25:22.683410+00:00,Changed,13,8107,1,2
2026-03-27T12:25:22.683410+00:00,Changed,772,772,1,2
2026-04-03T12:25:10.086669+00:00,Added,829,578,,1
2026-04-10T12:28:39.306008+00:00,Added,786,475,,1
2026-04-10T12:28:39.306008+00:00,Added,786,682,,2
2026-04-10T12:28:39.306008+00:00,Added,786,3101,,7
2026-04-10T12:28:39.306008+00:00,Added,788,731,,1
2026-04-17T12:33:37.389581+00:00,Added,830,654,,1
2026-04-17T12:33:37.389581+00:00,Added,830,678,,2
2026-04-17T12:33:37.389581+00:00,Added,831,384,,1
2026-04-17T12:33:37.389581+00:00,Added,831,744,,2
2026-04-17T12:33:37.389581+00:00,Added,832,723,,1
2026-04-17T12:33:37.389581+00:00,Changed,772,772,2,3
2026-04-24T12:35:39.162184+00:00,Added,718,646,,1
2026-04-24T12:35:39.162184+00:00,Added,718,696,,1
2026-04-24T12:35:39.162184+00:00,Added,718,747,,2
2026-04-24T12:35:39.162184+00:00,Added,830,669,,1
2026-04-24T12:35:39.162184+00:00,Added,833,503,,3
2026-04-24T12:35:39.162184+00:00,Added,833,629,,1
2026-04-24T12:35:39.162184+00:00,Added,833,658,,1
2026-04-24T12:35:39.162184+00:00,Added,833,691,,1
2026-04-24T12:35:39.162184+00:00,Added,833,700,,1
2026-04-24T12:35:39.162184+00:00,Added,833,714,,1
2026-04-24T12:35:39.162184+00:00,Added,833,740,,2
2026-04-24T12:35:39.162184+00:00,Added,833,792,,2
2026-04-24T12:35:39.162184+00:00,Deleted,661,435,1,
2026-04-24T12:35:39.162184+00:00,Deleted,832,723,1,
2026-05-01T12:34:15.281743+00:00,Changed,804,725,8,7
2026-08-11T14:19:00.303886+00:00,Added,11,816,,2
2026-08-11T14:19:00.303886+00:00,Added,694,752,,1
2026-08-11T14:19:00.303886+00:00,Added,752,755,,1
2026-08-11T14:19:00.303886+00:00,Added,793,820,,7
2026-08-11T14:19:00.303886+00:00,Added,835,387,,1
2026-08-11T14:19:00.303886+00:00,Added,835,484,,1
2026-08-11T14:19:00.303886+00:00,Added,835,585,,1
2026-08-11T14:19:00.303886+00:00,Added,835,593,,5
2026-08-11T14:19:00.303886+00:00,Added,835,604,,2
2026-08-11T14:19:00.303886+00:00,Added,835,727,,2
2026-08-11T14:19:00.303886+00:00,Added,835,746,,2
2026-08-11T14:19:00.303886+00:00,Added,835,749,,1
2026-08-11T14:19:00.303886+00:00,Added,836,11,,1
2026-08-11T14:19:00.303886+00:00,Added,836,523,,1
2026-08-11T14:19:00.303886+00:00,Added,836,703,,1
2026-08-11T14:19:00.303886+00:00,Added,836,744,,6
2026-08-11T14:19:00.303886+00:00,Added,836,774,,3
2026-08-11T14:19:00.303886+00:00,Added,838,405,,1
2026-08-11T14:19:00.303886+00:00,Added,840,227,,2
2026-08-11T14:19:00.303886+00:00,Added,840,3104,,1
2026-08-11T14:19:00.303886+00:00,Added,841,798,,1
2026-08-11T14:19:00.303886+00:00,Added,842,387,,1
2026-08-11T14:19:00.303886+00:00,Added,842,810,,1
2026-08-11T14:19:00.303886+00:00,Deleted,694,592,1,
2026-08-11T14:19:00.303886+00:00,Deleted,752,480,1,
2026-08-11T14:19:00.303886+00:00,Changed,752,740,3,2
2026-08-11T14:19:00.303886+00:00,Changed,817,694,1,2
2026-08-11T14:19:00.303886+00:00,Changed,825,817,2,3
2026-08-11T14:19:00.303886+00:00,Changed,827,646,2,1
2026-08-11T14:19:00.303886+00:00,Changed,828,380,2,1
2026-08-19T08:25:46.817417+00:00,Added,825,766,,3
2026-08-19T08:25:46.817417+00:00,Added,839,387,,2
2026-08-19T08:25:46.817417+00:00,Added,839,782,,3
2026-08-19T08:25:46.817417+00:00,Added,839,814,,3
2026-08-19T08:25:46.817417+00:00,Added,842,844,,1
2026-08-19T08:25:46.817417+00:00,Added,844,842,,20
2026-08-19T08:25:46.817417+00:00,Added,844,843,,11
