pep_number,in_degree,out_degree,degree,pagerank
1,14,9,23,0.006759909274730497
2,3,2,5,0.0015820649359461003
7,5,1,6,0.0036022462520809294
8,33,8,41,0.013144686232725066
12,4,1,5,0.001890702046706581
13,19,12,31,0.016241880210987047
411,5,8,13,0.004037896260720501
676,1,3,4,0.0010507104786974446
694,5,3,8,0.0013915969331585658
729,1,18,19,0.0010507104786974446
4,7,1,8,0.0028645817686001837
3,4,1,5,0.001849468467400542
42,1,0,1,0.0019842634294470383
387,22,5,27,0.007494569882415478
6,0,3,3,0.00041213522297963096
101,7,2,9,0.003918704001072156
235,1,0,1,0.0005289241625968401
20,11,0,11,0.003629626357447131
207,4,0,4,0.002650724066186391
257,3,3,6,0.002512388325906658
484,27,11,38,0.018272809214367445
526,13,1,14,0.006919289337904098
3131,2,0,2,0.0021595315444418806
3151,2,1,3,0.0018329408219664902
9,1,2,3,0.0007418790656022172
11,10,1,11,0.013376238993011087
816,1,1,2,0.011811746407260904
8000,3,10,13,0.002082941915972415
8001,9,9,18,0.004988416218383395
8002,3,0,3,0.0019195255983219495
8016,10,2,12,0.003944832412280783
8100,1,1,2,0.001562637430953752
8101,1,1,2,0.001562637430953752
8102,1,1,2,0.001562637430953752
8103,1,1,2,0.001562637430953752
8104,1,1,2,0.001562637430953752
8105,1,1,2,0.001562637430953752
8106,1,1,2,0.001562637430953752
8107,1,1,2,0.001562637430953752
102,1,1,2,0.002078127551893509
761,1,0,1,0.002078127551893509
200,0,2,2,0.00041213522297963096
214,1,0,1,0.0005873186324054446
223,1,0,1,0.0005873186324054446
201,2,1,3,0.0013256462721134659
202,5,0,5,0.003426374652977348
203,0,1,1,0.00041213522297963096
211,4,4,8,0.0018244209012076853
204,2,1,3,0.0006413377348179724
208,1,1,2,0.0005481502872305298
209,1,5,6,0.0007999152948500183
225,3,2,5,0.0013064561870192522
228,2,1,3,0.0007771251692871208
465,5,4,9,0.0017432432640323847
212,4,2,6,0.00123677625536282
279,2,4,6,0.0012645365243341023
213,1,1,2,0.0007625020418312583
252,3,1,4,0.0020466507579342003
216,2,1,3,0.0009687108759319867
287,3,5,8,0.0019390133833463226
218,5,2,7,0.0015260720791563625
289,5,2,7,0.001719215013737998
3000,5,3,8,0.0023100402898841997
219,1,1,2,0.0018971286699121367
220,1,0,1,0.0020251755654816443
226,0,1,1,0.00041213522297963096
227,5,1,6,0.0028531055979201464
236,10,4,14,0.008161741209916352
3141,4,1,5,0.004582941487559175
231,0,1,1,0.00041213522297963096
5,5,0,5,0.00248604833320761
230,4,0,4,0.003514635844467073
264,2,1,3,0.00237594892318842
238,4,4,8,0.0010772682309798417
239,4,3,7,0.0028784078373569498
240,2,2,4,0.0013447451692134664
327,3,1,4,0.001821543612097661
243,1,1,2,0.002989271905460944
241,9,0,9,0.011495940814227945
244,0,3,3,0.00041213522297963096
245,4,5,9,0.0033643034987306613
232,1,0,1,0.000984301018893178
233,1,0,1,0.000984301018893178
246,4,1,5,0.0021345826944651515
249,0,1,1,0.00041213522297963096
248,1,0,1,0.0007625020418312583
251,0,7,7,0.00041213522297963096
234,8,0,8,0.0038931357813858126
237,2,0,2,0.0004816524489422554
253,2,2,4,0.002202241696119276
255,9,3,12,0.0052395651471856715
254,1,0,1,0.001348369126290778
256,3,3,6,0.0016807926297330753
258,2,6,8,0.001600608766767355
224,2,0,2,0.0007822321206280714
262,3,3,6,0.0038846234211866158
345,15,4,19,0.009463037011127714
376,9,6,15,0.006163038408231192
267,3,2,5,0.0007887940407829402
266,5,0,5,0.0014744569279901154
280,3,2,5,0.0007887940407829402
269,2,1,3,0.0004534979724273925
270,0,1,1,0.00041213522297963096
273,3,1,4,0.005154945335208864
302,16,3,19,0.01358010726807388
274,1,1,2,0.0005814688939893063
275,2,1,3,0.0035040991266292046
3103,2,1,3,0.0035040991266292046
276,1,3,4,0.0004997269276925378
281,2,2,4,0.0007684951241463619
283,0,18,18,0.00041213522297963096
263,2,0,2,0.0007819668651007931
278,2,0,2,0.0013050536357966103
282,2,0,2,0.0007819668651007931
285,1,0,1,0.0004316000462491658
286,2,1,3,0.0004534979724273925
293,2,0,2,0.0008896541785585403
304,3,2,5,0.0018527051486498694
305,2,0,2,0.0026865289897749925
307,1,0,1,0.0004316000462491658
311,1,0,1,0.0004316000462491658
284,0,4,4,0.00041213522297963096
426,13,14,27,0.0063765760204542435
288,4,2,6,0.0035759218370947556
343,12,5,17,0.008127550899086433
290,1,1,2,0.0009912824854384898
292,3,1,4,0.0005945772329531486
215,4,0,4,0.001532986013176488
294,0,1,1,0.00041213522297963096
296,2,1,3,0.0008377231482103692
358,4,2,6,0.004556533773393963
298,0,1,1,0.00041213522297963096
301,5,2,7,0.006061251329744031
338,4,3,7,0.005624347529424539
366,3,4,7,0.00445689252973822
3147,6,4,10,0.006581231976283592
310,4,2,6,0.003290530948976345
319,2,4,6,0.0031930756363714227
312,0,1,1,0.00041213522297963096
308,5,0,5,0.003264872135184587
313,0,3,3,0.00041213522297963096
314,8,2,10,0.005655383018656335
317,0,3,3,0.00041213522297963096
318,3,2,5,0.005006010022371852
3129,2,1,3,0.0026575799406103775
320,0,16,16,0.00041213522297963096
322,1,0,1,0.0004340331491578577
328,7,0,7,0.0036726410807756504
323,0,1,1,0.00041213522297963096
325,7,3,10,0.003965811919590924
342,11,4,15,0.005749509453514187
329,0,1,1,0.00041213522297963096
333,4,3,7,0.0026012611680851397
3333,3,4,7,0.002107245014314784
334,0,2,2,0.00041213522297963096
337,0,1,1,0.00041213522297963096
299,2,0,2,0.0023921624275334524
340,5,6,11,0.004231729879149187
346,1,7,8,0.0017942211991237827
344,4,4,8,0.001799804611724433
3134,5,4,9,0.0028927912817600186
440,19,5,24,0.008785096174851922
348,2,4,6,0.0027245467874960276
351,2,1,3,0.0007121431383806897
352,5,1,6,0.0008867859201067783
354,1,1,2,0.0028212865968484492
435,2,1,3,0.002839517667763187
356,0,12,12,0.00041213522297963096
309,1,0,1,0.00044133245788393325
341,1,0,1,0.00044133245788393325
353,1,0,1,0.00044133245788393325
357,1,0,1,0.00044133245788393325
3112,2,1,3,0.0024319101965766215
3137,4,2,6,0.0029348141735934604
361,1,11,12,0.0010668155655836188
370,3,0,3,0.0022770544152171464
371,1,1,2,0.0004945913983113758
3100,7,16,23,0.0031863223150198523
3108,5,4,9,0.0014725065691684543
3127,1,3,4,0.0004945913983113758
364,0,3,3,0.00041213522297963096
3122,1,3,4,0.0013597756121150348
367,1,2,3,0.0008657141607210717
3130,2,0,2,0.001233715447900748
3135,2,2,4,0.0010670296940952589
368,2,2,4,0.0009434896802282869
3118,7,0,7,0.002779225664426786
369,0,1,1,0.00041213522297963096
372,1,1,2,0.0007625020418312583
3115,5,1,6,0.0021112364570691406
373,2,2,4,0.0016103556046907679
404,2,0,2,0.001524822309859549
466,4,0,4,0.002135640705313521
374,0,2,2,0.00041213522297963096
385,1,1,2,0.0005873186324054446
375,0,1,1,0.00041213522297963096
377,0,1,1,0.00041213522297963096
378,1,1,2,0.00086178951186416
3101,7,0,7,0.0023674708248628377
381,4,1,5,0.0026522493181258284
382,4,2,6,0.0027581987942283085
402,4,2,6,0.0022560921586393763
383,3,2,5,0.0010775443826616343
277,1,0,1,0.0008701893552890056
384,19,1,20,0.010956106999942317
3149,5,2,7,0.01026717579017607
347,2,0,2,0.0013603976932101654
386,4,2,6,0.0024976865627439893
291,1,0,1,0.0016865473311081514
602,15,6,21,0.005272638571974505
702,3,3,6,0.0018794418597984255
390,0,3,3,0.00041213522297963096
391,0,1,1,0.00041213522297963096
392,0,2,2,0.00041213522297963096
398,1,21,22,0.0005873186324054446
3003,3,1,4,0.001129314316271243
393,6,1,7,0.0026335594984185384
394,4,4,8,0.0020137358364122216
397,5,1,6,0.0015603611676900423
405,6,1,7,0.0019241803194330494
395,3,7,10,0.0009255213847069556
420,6,4,10,0.001479232608767555
451,5,4,9,0.0014548422867456498
3155,5,0,5,0.0013048948876013863
396,0,4,4,0.00041213522297963096
362,2,0,2,0.0027476880280365955
380,8,0,8,0.003381896020136101
399,5,0,5,0.0010890360745385043
409,3,2,5,0.0016013684962221525
412,3,0,3,0.0008044177598825859
414,2,1,3,0.0008907467329287012
415,3,1,4,0.0012334488770279742
417,1,0,1,0.0004359113193558681
418,3,0,3,0.000856124894379826
421,3,4,7,0.0011331722226826844
3143,3,0,3,0.0009672657766045241
3144,3,0,3,0.0009672657766045241
3154,2,1,3,0.00047448261226583767
400,0,2,2,0.00041213522297963096
100,1,0,1,0.0005873186324054446
3116,1,0,1,0.0005873186324054446
403,1,3,4,0.0008343110939336687
3150,2,3,5,0.0014898358893410378
406,2,4,6,0.0011505269246514268
407,2,1,3,0.0006019134843176248
408,1,7,8,0.0008413031236031998
444,2,4,6,0.0009434896802282869
3153,3,0,3,0.0011761089120723186
413,0,4,4,0.00041213522297963096
453,7,4,11,0.0021163639289947865
416,1,2,3,0.0004997269276925378
3139,1,0,1,0.0006529782948927257
422,2,3,5,0.0010123685567605366
487,3,3,6,0.0010294312821612802
423,0,6,6,0.00041213522297963096
425,9,1,10,0.00520432895754907
427,18,2,20,0.007736935203863176
459,2,2,4,0.002293305918413873
477,1,1,2,0.0007993924026418299
503,9,2,11,0.002981738199533274
508,21,3,24,0.00499518664189198
518,10,2,12,0.0023085305909682653
566,3,6,9,0.0010794673511145014
428,2,2,4,0.0006351981256309987
355,1,0,1,0.0006821385238990356
429,1,19,20,0.0008619779524667052
431,2,1,3,0.0006985075669390874
436,3,0,3,0.0007556714016131966
441,2,0,2,0.00047765780964741805
442,3,0,3,0.0006787244786124336
443,2,4,6,0.0018632015824024788
445,3,1,4,0.000930763100169457
446,1,1,2,0.00045070651588960056
447,1,0,1,0.00045070651588960056
448,5,0,5,0.0012177212916207856
450,1,0,1,0.00045070651588960056
454,1,1,2,0.00045070651588960056
455,1,0,1,0.00045070651588960056
456,3,1,4,0.00099590749232194
3156,4,5,9,0.001368008701721132
615,2,4,6,0.001165871887577299
432,4,4,8,0.0016321220104449628
540,5,4,9,0.0013191210098598145
587,4,4,8,0.0010116427615601178
437,0,2,2,0.00041213522297963096
438,2,1,3,0.0011614560545292548
439,1,5,6,0.0008619779524667052
3124,2,5,7,0.0020900032578738755
433,1,0,1,0.0007952969393104682
449,1,1,2,0.0008051262858130976
452,0,1,1,0.00041213522297963096
247,1,0,1,0.0007625020418312583
457,1,1,2,0.0006200362619190565
570,2,4,6,0.000978185344318395
458,4,4,8,0.0018489628243186186
470,2,1,3,0.0008401629676982603
480,2,1,3,0.0009993244489510957
460,1,1,2,0.00332398374725039
461,3,1,4,0.0034095873422944198
462,3,3,6,0.001584097755807521
474,3,3,6,0.001584097755807521
507,3,3,6,0.0015104383867902108
463,0,2,2,0.00041213522297963096
464,0,2,2,0.00041213522297963096
3099,4,0,4,0.0018563240764621193
467,0,2,2,0.00041213522297963096
469,0,1,1,0.00041213522297963096
3106,1,0,1,0.0007625020418312583
472,1,1,2,0.0007786227812683914
468,2,0,2,0.001095993014985677
476,3,1,4,0.0008098221308081223
478,0,13,13,0.00041213522297963096
471,1,0,1,0.00043908651673744845
475,2,0,2,0.0005558754563546576
479,3,1,4,0.0009866677488080022
485,1,0,1,0.00043908651673744845
486,2,2,4,0.0005091598805077739
488,1,2,3,0.00043908651673744845
489,10,4,14,0.00222068391894984
492,6,5,11,0.003042052173245067
481,2,3,5,0.0010405951063027067
512,1,3,4,0.0007070476973063617
482,1,1,2,0.0018246302894925092
483,5,3,8,0.0029267930547289454
3107,10,2,12,0.005437564625673827
561,2,5,7,0.0018742597308641124
563,10,8,18,0.004330945763916592
520,2,2,4,0.0007257615338712926
3121,4,0,4,0.0015461078725274478
490,0,3,3,0.00041213522297963096
491,2,4,6,0.0007682748393321188
3152,1,1,2,0.0009294411485879319
493,0,2,2,0.00041213522297963096
494,0,16,16,0.00041213522297963096
495,3,1,4,0.001032201019058972
498,8,3,11,0.0016050069455277051
506,3,1,4,0.003456815620563097
509,2,3,5,0.0005508220887750668
515,2,0,2,0.0006340384260918968
519,1,2,3,0.0004340331491578577
523,4,0,4,0.0008204239505233528
524,2,2,4,0.0006262613410982826
525,5,4,9,0.0011379429359178173
528,3,0,3,0.0009134931785560714
529,3,0,3,0.0009134931785560714
530,1,2,3,0.0004340331491578577
496,0,4,4,0.00041213522297963096
497,1,5,6,0.00044241052944188374
499,0,2,2,0.00041213522297963096
500,0,1,1,0.00041213522297963096
501,3,7,10,0.0008410938896242044
675,3,1,4,0.0006083598954343735
701,3,3,6,0.0010060407783097178
750,2,3,5,0.000689468246392131
502,0,6,6,0.00041213522297963096
3105,2,0,2,0.0006398633637979109
504,1,1,2,0.0033523545947115522
505,4,2,6,0.002354873173518606
531,2,1,3,0.001652829849006226
532,2,6,8,0.0016903222843786554
510,2,0,2,0.0006850143924354061
511,0,3,3,0.00041213522297963096
335,3,0,3,0.0010454856914487753
513,3,3,6,0.0008162707049649384
514,1,1,2,0.00048220858674995643
516,1,5,6,0.0010471832174017456
517,17,5,22,0.0037347895994519703
521,1,3,4,0.0018755352552702548
567,6,2,8,0.004321796530757926
522,1,3,4,0.0006783398959070174
527,1,1,2,0.0005873186324054446
535,1,2,3,0.000651669769719384
533,2,5,7,0.0007537513070391046
536,1,2,3,0.0006972311149763687
537,0,12,12,0.00041213522297963096
538,3,4,7,0.0009367161300489874
539,1,2,3,0.00044133245788393325
552,2,2,4,0.0006563470432090951
553,2,1,3,0.0007916992767355606
557,5,2,7,0.0017506680784522097
560,3,3,6,0.0012681176472316691
562,4,2,6,0.0013898671466366747
564,1,2,3,0.00044133245788393325
565,3,0,3,0.0005416811281165116
544,6,4,10,0.0018760192521498755
546,0,2,2,0.00041213522297963096
543,2,0,2,0.000937685451257072
547,0,1,1,0.00041213522297963096
548,1,1,2,0.001085186319438189
315,1,0,1,0.0013347053744954334
550,3,2,5,0.003442590776848976
551,1,1,2,0.0038968421551126976
578,3,1,4,0.0040617083381604595
554,3,7,10,0.0010806679600817892
573,8,3,11,0.0015308726619139967
683,3,1,4,0.0008567187135372688
684,3,10,13,0.001139730393643425
734,2,2,4,0.0008937493045734352
558,2,4,6,0.0007740382524858197
667,1,2,3,0.0005766454187744358
559,0,1,1,0.00041213522297963096
549,1,0,1,0.0010029347577234
649,9,4,13,0.0021032060875647543
749,3,4,7,0.0010826613810287198
410,1,0,1,0.0005997295661595574
568,2,2,4,0.002415707254216552
569,0,9,9,0.00041213522297963096
572,9,2,11,0.0019794996101658237
574,1,2,3,0.00045106486951870063
586,5,2,7,0.0044892011364210576
589,8,5,13,0.0018013244686739495
590,4,3,7,0.0009686248375514006
591,5,1,6,0.0036680973202437247
3102,4,0,4,0.003103427504331818
3113,2,2,4,0.0007952196713448701
571,2,3,5,0.000636032687517252
575,2,5,7,0.0007632625163786707
579,2,7,9,0.0007963269942149471
580,4,6,10,0.001795421010973592
576,3,1,4,0.0010377615065938098
577,0,3,3,0.00041213522297963096
581,2,1,3,0.0038518773886488306
588,2,1,3,0.0038518773886488306
584,5,2,7,0.0009579238693763869
585,6,1,7,0.001150380990096025
592,4,1,5,0.0009755995543667267
593,3,2,5,0.000809620270729623
594,1,2,3,0.0009447870040868197
206,1,0,1,0.0008137700582094706
595,0,2,2,0.00041213522297963096
596,3,9,12,0.0016925101176025984
614,1,1,2,0.0005720246083161869
616,1,0,1,0.0005720246083161869
617,4,0,4,0.0010754259458866022
598,3,4,7,0.001420792380415651
605,4,4,8,0.001087962614984805
599,1,4,5,0.0005245487952007632
600,1,4,5,0.0005289241625968401
601,1,1,2,0.0005289241625968401
719,1,1,2,0.001159276131802353
603,1,1,2,0.0004997269276925378
604,7,4,11,0.0013029400574940107
607,1,2,3,0.0006433761651306763
606,2,16,18,0.0005698002914628633
3002,1,0,1,0.00044241052944188374
608,0,5,5,0.00041213522297963096
610,4,4,8,0.0010821309046579392
612,5,2,7,0.00079927295356153
613,2,1,3,0.0005888172598083263
619,0,12,12,0.00041213522297963096
597,2,0,2,0.0005581213975011423
618,1,0,1,0.00044133245788393325
624,1,1,2,0.00044133245788393325
626,2,0,2,0.0005581213975011423
634,6,4,10,0.0011493859922864448
635,5,8,13,0.0011542267834791233
636,6,3,9,0.0010859371390517876
644,1,0,1,0.00044133245788393325
620,1,5,6,0.0005873186324054446
670,1,0,1,0.0005119948277598269
621,12,7,19,0.002163649858378473
631,2,2,4,0.0007896670699834827
633,1,5,6,0.0006749117375293844
622,4,10,14,0.001125029548574821
623,1,1,2,0.0007873239093394836
625,1,7,8,0.0005553500976031782
643,2,2,4,0.0005671730043371493
627,1,1,2,0.0005741925302172142
629,2,1,3,0.0006737699751638254
630,2,4,6,0.0006258190305458593
632,0,1,1,0.00041213522297963096
640,2,4,6,0.000573724665254534
637,3,5,8,0.002155353888557613
646,8,2,10,0.0015546225996872641
638,0,1,1,0.00041213522297963096
641,1,2,3,0.0004705296927882355
642,0,9,9,0.00041213522297963096
534,1,0,1,0.00045106486951870063
645,0,2,2,0.00041213522297963096
647,3,1,4,0.0008865970857275377
650,1,3,4,0.0005065597302820869
652,3,3,6,0.0010037259856194225
653,0,3,3,0.00041213522297963096
654,5,1,6,0.0012653526826043942
655,4,2,6,0.0009057046360770402
656,0,3,3,0.00041213522297963096
658,6,1,7,0.001284366640239076
660,4,5,9,0.0008119499333938387
662,1,7,8,0.0005501893310733805
664,1,9,10,0.0004705296927882355
657,1,0,1,0.00045658084007608405
673,2,2,4,0.0005062102814476872
680,1,4,5,0.00045658084007608405
681,4,2,6,0.0007397881606821053
665,1,5,6,0.0005553500976031782
709,1,0,1,0.0006572493128686104
668,1,4,5,0.0007625020418312583
669,1,3,4,0.0005289241625968401
659,7,0,7,0.002451602431114398
671,0,3,3,0.00041213522297963096
661,1,0,1,0.0005289241625968401
672,0,1,1,0.00041213522297963096
674,0,1,1,0.00041213522297963096
677,1,5,6,0.00048220858674995643
678,1,2,3,0.0005289241625968401
682,1,1,2,0.0005289241625968401
685,0,2,2,0.00041213522297963096
686,0,3,3,0.00041213522297963096
687,0,3,3,0.00041213522297963096
688,1,2,3,0.000461764664351234
689,1,3,4,0.0005873186324054446
690,1,3,4,0.000578567897613291
691,6,6,12,0.0015373744589022662
692,4,3,7,0.0008566555397899731
693,0,1,1,0.00041213522297963096
740,4,6,10,0.0013705434311875907
752,3,6,9,0.0011988299422245401
695,4,7,11,0.0012143255049755603
696,2,2,4,0.0007731121700579483
697,2,1,3,0.000542515193814277
698,2,1,3,0.0009944164454584227
699,0,3,3,0.00041213522297963096
700,1,3,4,0.00045593107533608434
703,6,4,10,0.0010183773629129892
704,0,1,1,0.00041213522297963096
705,2,5,7,0.0009218197225135817
706,1,1,2,0.0007625020418312583
707,0,1,1,0.00041213522297963096
710,0,1,1,0.00041213522297963096
711,0,3,3,0.00041213522297963096
712,0,2,2,0.00041213522297963096
713,0,1,1,0.00041213522297963096
714,1,2,3,0.00045593107533608434
715,0,2,2,0.00041213522297963096
718,1,3,4,0.000461764664351234
747,1,2,3,0.0005429893765441893
720,0,2,2,0.00041213522297963096
721,0,1,1,0.00041213522297963096
722,1,3,4,0.0005191366402024829
723,2,5,7,0.0006293203151119766
724,1,2,3,0.0005873186324054446
725,3,6,9,0.0009280817762375606
735,2,6,8,0.0006604251172911469
770,2,2,4,0.0006312278823868446
804,1,3,4,0.0005436361776739377
726,0,1,1,0.00041213522297963096
727,2,3,5,0.0005055605167076874
728,2,3,5,0.0005622106975235722
730,1,1,2,0.0005873186324054446
733,0,2,2,0.00041213522297963096
736,0,1,1,0.00041213522297963096
737,0,3,3,0.00041213522297963096
738,0,2,2,0.00041213522297963096
739,0,1,1,0.00041213522297963096
741,0,3,3,0.00041213522297963096
742,0,2,2,0.00041213522297963096
743,0,4,4,0.00041213522297963096
731,2,0,2,0.0008500937465441651
744,3,3,6,0.0010673312970471388
745,0,1,1,0.00041213522297963096
746,1,2,3,0.00045593107533608434
748,0,1,1,0.00041213522297963096
751,2,4,6,0.0006738454207248304
541,3,0,3,0.0008644344399060888
708,3,0,3,0.0007619604684549115
755,1,2,3,0.0005820025284417585
753,0,2,2,0.00041213522297963096
756,0,1,1,0.00041213522297963096
759,0,10,10,0.00041213522297963096
766,2,3,5,0.0005114082318482978
760,0,1,1,0.00041213522297963096
762,0,1,1,0.00041213522297963096
763,0,3,3,0.00041213522297963096
764,1,5,6,0.0004705296927882355
765,0,3,3,0.00041213522297963096
767,0,1,1,0.00041213522297963096
639,2,0,2,0.0007680426491165967
771,0,3,3,0.00041213522297963096
772,1,3,4,0.0005661905030874446
609,1,0,1,0.0005725814317323922
773,0,5,5,0.00041213522297963096
774,1,1,2,0.00048220858674995643
775,1,1,2,0.0007625020418312583
776,2,1,3,0.0010866166563064247
777,1,4,5,0.0005873186324054446
778,0,2,2,0.00041213522297963096
779,2,2,4,0.000542515193814277
780,0,3,3,0.00041213522297963096
781,0,3,3,0.00041213522297963096
783,1,1,2,0.0005873186324054446
784,0,1,1,0.00041213522297963096
785,0,1,1,0.00041213522297963096
786,0,3,3,0.00041213522297963096
787,0,2,2,0.00041213522297963096
788,0,1,1,0.00041213522297963096
789,1,3,4,0.0005873186324054446
790,0,1,1,0.00041213522297963096
792,1,2,3,0.00045593107533608434
793,3,3,6,0.0007168742460635616
803,2,8,10,0.000674035282539864
820,1,3,4,0.0006152834644156942
797,0,1,1,0.00041213522297963096
798,1,3,4,0.0007625020418312583
799,0,2,2,0.00041213522297963096
802,0,3,3,0.00041213522297963096
809,1,7,8,0.0004837633756901071
806,0,2,2,0.00041213522297963096
807,0,1,1,0.00041213522297963096
808,0,4,4,0.00041213522297963096
810,1,3,4,0.0005873186324054446
814,0,4,4,0.00041213522297963096
817,1,7,8,0.0005289241625968401
818,0,2,2,0.00041213522297963096
819,0,3,3,0.00041213522297963096
821,0,5,5,0.00041213522297963096
825,0,3,3,0.00041213522297963096
826,0,1,1,0.00041213522297963096
827,0,6,6,0.00041213522297963096
828,0,2,2,0.00041213522297963096
829,0,1,1,0.00041213522297963096
830,0,3,3,0.00041213522297963096
831,0,2,2,0.00041213522297963096
833,0,8,8,0.00041213522297963096
835,0,8,8,0.00041213522297963096
836,0,5,5,0.00041213522297963096
838,0,1,1,0.00041213522297963096
840,0,2,2,0.00041213522297963096
3104,1,2,3,0.0005873186324054446
841,0,1,1,0.00041213522297963096
842,0,2,2,0.00041213522297963096
2026,0,6,6,0.00041213522297963096
3001,1,0,1,0.0005814688939893063
3110,1,4,5,0.0005814688939893063
324,1,0,1,0.0007251226744038174
360,1,0,1,0.0007251226744038174
3109,0,5,5,0.00041213522297963096
3111,0,1,1,0.00041213522297963096
3114,0,2,2,0.00041213522297963096
3117,0,1,1,0.00041213522297963096
3119,4,4,8,0.006029238115643028
3120,0,1,1,0.00041213522297963096
3126,0,1,1,0.00041213522297963096
306,1,0,1,0.0005522937485169382
3133,0,3,3,0.00041213522297963096
3140,0,1,1,0.00041213522297963096
3138,1,0,1,0.0007625020418312583
3142,0,3,3,0.00041213522297963096
3145,0,1,1,0.00041213522297963096
3146,1,2,3,0.0018113423992021079
359,1,0,1,0.0008343110939336687
3148,1,0,1,0.0006447544548236627
8010,4,3,7,0.0015030076077105208
8011,3,4,7,0.0012396984339948887
8012,2,5,7,0.0010596300140763208
8013,2,5,7,0.0010596300140763208
8014,2,3,5,0.0010596300140763208
8015,2,4,6,0.0010596300140763208
10,0,0,0,0.00041213522297963096
103,0,0,0,0.00041213522297963096
160,0,0,0,0.00041213522297963096
205,0,0,0,0.00041213522297963096
210,0,0,0,0.00041213522297963096
217,0,0,0,0.00041213522297963096
221,0,0,0,0.00041213522297963096
222,0,0,0,0.00041213522297963096
229,0,0,0,0.00041213522297963096
242,0,0,0,0.00041213522297963096
250,0,0,0,0.00041213522297963096
259,0,0,0,0.00041213522297963096
260,0,0,0,0.00041213522297963096
261,0,0,0,0.00041213522297963096
265,0,0,0,0.00041213522297963096
268,0,0,0,0.00041213522297963096
271,0,0,0,0.00041213522297963096
272,0,0,0,0.00041213522297963096
295,0,0,0,0.00041213522297963096
297,0,0,0,0.00041213522297963096
303,0,0,0,0.00041213522297963096
316,0,0,0,0.00041213522297963096
321,0,0,0,0.00041213522297963096
326,0,0,0,0.00041213522297963096
330,0,0,0,0.00041213522297963096
331,0,0,0,0.00041213522297963096
332,0,0,0,0.00041213522297963096
336,0,0,0,0.00041213522297963096
339,0,0,0,0.00041213522297963096
349,0,0,0,0.00041213522297963096
350,0,0,0,0.00041213522297963096
363,0,0,0,0.00041213522297963096
365,0,0,0,0.00041213522297963096
379,0,0,0,0.00041213522297963096
389,0,0,0,0.00041213522297963096
401,0,0,0,0.00041213522297963096
419,0,0,0,0.00041213522297963096
424,0,0,0,0.00041213522297963096
430,0,0,0,0.00041213522297963096
434,0,0,0,0.00041213522297963096
473,0,0,0,0.00041213522297963096
542,0,0,0,0.00041213522297963096
545,0,0,0,0.00041213522297963096
555,0,0,0,0.00041213522297963096
556,0,0,0,0.00041213522297963096
582,0,0,0,0.00041213522297963096
583,0,0,0,0.00041213522297963096
611,0,0,0,0.00041213522297963096
628,0,0,0,0.00041213522297963096
648,0,0,0,0.00041213522297963096
651,0,0,0,0.00041213522297963096
663,0,0,0,0.00041213522297963096
666,0,0,0,0.00041213522297963096
679,0,0,0,0.00041213522297963096
732,0,0,0,0.00041213522297963096
754,0,0,0,0.00041213522297963096
757,0,0,0,0.00041213522297963096
758,0,0,0,0.00041213522297963096
768,0,0,0,0.00041213522297963096
769,0,0,0,0.00041213522297963096
782,0,0,0,0.00041213522297963096
791,0,0,0,0.00041213522297963096
794,0,0,0,0.00041213522297963096
800,0,0,0,0.00041213522297963096
801,0,0,0,0.00041213522297963096
811,0,0,0,0.00041213522297963096
813,0,0,0,0.00041213522297963096
815,0,0,0,0.00041213522297963096
822,0,0,0,0.00041213522297963096
832,0,0,0,0.00041213522297963096
837,0,0,0,0.00041213522297963096
3123,0,0,0,0.00041213522297963096
3125,0,0,0,0.00041213522297963096
3128,0,0,0,0.00041213522297963096
3132,0,0,0,0.00041213522297963096
3136,0,0,0,0.00041213522297963096
