citing_group,cited_group,size
0,0.0,82
0,1.0,3
0,7.0,1
0,11.0,20
0,12.0,2
0,20.0,1
0,29.0,5
0,33.0,1
1,0.0,7
1,1.0,60
1,11.0,11
1,15.0,1
1,29.0,3
2,2.0,78
2,5.0,5
2,8.0,1
2,11.0,1
2,12.0,3
2,16.0,2
2,20.0,1
2,21.0,1
2,22.0,2
2,25.0,1
2,27.0,3
2,31.0,1
2,34.0,1
3,3.0,40
3,18.0,1
3,28.0,2
4,4.0,30
4,6.0,3
4,8.0,1
4,24.0,2
4,25.0,3
4,33.0,1
5,0.0,1
5,2.0,21
5,4.0,1
5,5.0,46
5,6.0,2
5,14.0,1
5,15.0,1
5,16.0,1
5,23.0,1
5,30.0,1
5,36.0,1
6,2.0,1
6,4.0,1
6,6.0,55
6,14.0,2
6,20.0,2
6,26.0,1
6,29.0,1
6,30.0,2
6,32.0,1
7,7.0,66
7,16.0,1
7,18.0,1
7,30.0,2
8,2.0,1
8,3.0,1
8,6.0,1
8,8.0,32
8,10.0,1
8,13.0,1
8,16.0,1
8,17.0,1
8,19.0,1
8,20.0,1
8,21.0,1
8,22.0,1
8,24.0,2
8,35.0,2
9,2.0,1
9,4.0,1
9,6.0,1
9,9.0,27
9,10.0,1
9,12.0,1
9,16.0,1
9,17.0,1
9,25.0,1
9,29.0,1
9,32.0,1
9,35.0,1
10,1.0,1
10,3.0,3
10,4.0,1
10,10.0,27
10,11.0,2
10,17.0,1
10,19.0,2
10,20.0,5
10,22.0,1
10,27.0,2
10,31.0,1
11,0.0,5
11,1.0,2
11,10.0,1
11,11.0,53
11,12.0,1
11,20.0,1
11,26.0,2
11,29.0,3
12,2.0,2
12,4.0,1
12,11.0,2
12,12.0,25
12,15.0,2
12,19.0,2
12,20.0,2
12,21.0,1
12,30.0,1
12,35.0,1
13,0.0,1
13,12.0,1
13,13.0,28
13,26.0,1
13,29.0,1
14,2.0,4
14,4.0,2
14,9.0,1
14,13.0,1
14,14.0,30
14,15.0,1
14,20.0,1
14,21.0,2
14,22.0,1
14,25.0,1
14,32.0,1
15,2.0,2
15,6.0,2
15,7.0,2
15,8.0,1
15,13.0,1
15,15.0,34
15,16.0,4
15,18.0,1
15,21.0,1
15,22.0,1
15,25.0,2
15,26.0,1
15,28.0,3
16,2.0,6
16,5.0,3
16,8.0,1
16,9.0,2
16,12.0,5
16,15.0,2
16,16.0,42
16,25.0,1
17,5.0,1
17,12.0,1
17,16.0,1
17,17.0,34
17,22.0,1
18,18.0,26
18,30.0,1
19,2.0,1
19,3.0,2
19,6.0,1
19,8.0,1
19,12.0,3
19,13.0,1
19,15.0,2
19,17.0,2
19,19.0,31
19,20.0,2
19,24.0,4
19,25.0,1
19,27.0,1
19,28.0,1
19,31.0,1
20,6.0,1
20,13.0,1
20,20.0,50
20,21.0,1
21,6.0,2
21,8.0,1
21,9.0,2
21,13.0,2
21,17.0,1
21,19.0,2
21,20.0,4
21,21.0,22
21,22.0,3
21,24.0,2
21,26.0,1
22,3.0,2
22,6.0,1
22,12.0,1
22,19.0,1
22,20.0,1
22,21.0,1
22,22.0,25
22,24.0,4
22,30.0,1
23,2.0,1
23,4.0,1
23,8.0,2
23,9.0,1
23,13.0,1
23,14.0,3
23,17.0,1
23,18.0,1
23,22.0,1
23,23.0,25
23,33.0,1
23,36.0,1
24,3.0,3
24,12.0,1
24,15.0,1
24,18.0,1
24,19.0,3
24,24.0,44
24,28.0,2
25,2.0,1
25,6.0,1
25,12.0,1
25,14.0,1
25,15.0,2
25,16.0,1
25,19.0,1
25,22.0,1
25,25.0,17
25,28.0,1
25,30.0,1
25,34.0,1
26,0.0,1
26,6.0,1
26,8.0,3
26,13.0,1
26,14.0,3
26,18.0,2
26,20.0,1
26,21.0,1
26,22.0,1
26,26.0,21
26,27.0,1
26,29.0,2
26,32.0,1
27,2.0,1
27,12.0,2
27,19.0,2
27,23.0,1
27,27.0,22
27,28.0,2
28,19.0,2
28,25.0,1
28,27.0,2
28,28.0,22
29,1.0,2
29,6.0,1
29,11.0,4
29,20.0,1
29,29.0,25
30,1.0,1
30,7.0,1
30,12.0,4
30,15.0,1
30,22.0,2
30,30.0,25
30,34.0,1
31,11.0,1
31,12.0,1
31,19.0,1
31,20.0,3
31,23.0,1
31,24.0,2
31,27.0,1
31,31.0,11
32,4.0,1
32,6.0,2
32,8.0,2
32,12.0,1
32,22.0,1
32,24.0,3
32,32.0,17
33,4.0,1
33,5.0,1
33,6.0,7
33,12.0,1
33,13.0,1
33,15.0,1
33,25.0,4
33,29.0,2
33,33.0,23
33,35.0,1
34,2.0,8
34,5.0,5
34,6.0,1
34,7.0,1
34,8.0,1
34,12.0,1
34,25.0,2
34,30.0,2
34,34.0,11
35,3.0,1
35,19.0,1
35,27.0,1
35,28.0,1
35,35.0,13
36,2.0,1
36,3.0,1
36,21.0,1
36,36.0,7
37,37.0,2
38,38.0,3
39,39.0,5
40,40.0,1
41,41.0,1
42,42.0,1
43,43.0,1
44,44.0,5
