,PEP,title,status,created,group_id,in-degree_group,out-degree_group,degree_group,pagerank_group,pagerank_cumsum
326,508,Dependency specification for Python Software Packages,Final,11-Nov-2015,0,17,0,17,0.1938913883239763,0.1938913883239763
335,517,A build-system independent format for source trees,Final,30-Sep-2015,0,13,3,16,0.15553970581218995,0.34943109413616624
336,518,Specifying Minimum Build System Requirements for Python Projects,Final,10-May-2016,0,8,2,10,0.08771380973088876,0.437144903867055
439,621,Storing project metadata in pyproject.toml,Final,22-Jun-2020,0,10,5,15,0.06084596586614384,0.49799086973319884
334,516,Build system abstraction for pip/conda etc,Rejected,26-Oct-2015,0,1,2,3,0.05518660583893932,0.5531774755721381
541,725,Specifying external dependencies in pyproject.toml,Draft,17-Aug-2023,0,3,5,8,0.03842478884682346,0.5916022644189616
428,610,Recording the Direct URL Origin of installed distributions,Final,21-Apr-2019,0,4,1,5,0.03378888373170648,0.6253911481506681
478,660,Editable installs for pyproject.toml based builds (wheel based),Final,30-Mar-2021,0,3,4,7,0.027242640231447547,0.6526337883821156
449,631,Dependency specification in pyproject.toml based on PEP 508,Superseded,20-Aug-2020,0,2,2,4,0.02602035460144611,0.6786541429835617
551,735,Dependency Groups in pyproject.toml,Final,20-Nov-2023,0,2,5,7,0.022373884475650887,0.7010280274592127
457,639,Improving License Clarity with Better Package Metadata,Final,15-Aug-2019,0,2,0,2,0.02198299361822984,0.7230110210774425
451,633,Dependency specification in pyproject.toml using an exploded TOML table,Rejected,02-Sep-2020,0,1,4,5,0.021459985527252572,0.744471006604695
586,770,Improving measurability of Python packages with Software Bill-of-Materials,Accepted,02-Jan-2025,0,2,2,4,0.02001163787663239,0.7644826444813274
461,643,Metadata for Package Source Distributions,Final,24-Oct-2020,0,2,2,4,0.01834621199665773,0.7828288564779852
617,804,An external dependency registry and name mapping mechanism,Draft,03-Sep-2025,0,1,1,2,0.01764939127761389,0.8004782477555991
443,625,Filename of a Source Distribution,Final,08-Jul-2020,0,1,3,4,0.017179521541340746,0.8176577692969398
483,665,A file format to list Python dependencies for reproducibility of an application,Rejected,29-Jul-2021,0,1,5,6,0.017179521541340746,0.8348372908382805
480,662,Editable installs via virtual wheels,Rejected,28-May-2021,0,1,5,6,0.016905610988373718,0.8517429018266542
538,722,Dependency specification for single-file scripts,Rejected,19-Jul-2023,0,1,3,4,0.015511303459123911,0.8672542052857782
539,723,Inline script metadata,Final,04-Aug-2023,0,1,3,4,0.015511303459123911,0.8827655087449021
567,751,A file format to record Python dependencies for installation reproducibility,Final,24-Jul-2024,0,1,2,3,0.014266092970800177,0.8970316017157023
468,650,Specifying Installer Requirements for Python Projects,Withdrawn,16-Jul-2020,0,1,3,4,0.014036951574093744,0.911068553289796
450,632,Deprecate distutils module,Final,03-Sep-2020,0,0,1,1,0.011116430838775513,0.9221849841285715
498,680,tomllib: Support for Parsing TOML in the Standard Library,Final,01-Jan-2022,0,0,3,3,0.011116430838775513,0.9333014149673471
503,685,Comparison of extra names for optional distribution dependencies,Final,08-Mar-2022,0,0,1,1,0.011116430838775513,0.9444178458061225
528,710,Recording the provenance of installed packages,Draft,27-Mar-2023,0,0,1,1,0.011116430838775513,0.9555342766448981
587,771,Default Extras for Python Software Packages,Draft,13-Jan-2025,0,0,3,3,0.011116430838775513,0.9666507074836735
594,778,Supporting Symlinks in Wheels,Deferred,18-May-2024,0,0,1,1,0.011116430838775513,0.9777671383224491
596,780,ABI features as environment markers,Draft,21-Mar-2025,0,0,2,2,0.011116430838775513,0.9888835691612247
620,808,Including static values in dynamic project metadata,Draft,19-Sep-2025,0,0,4,4,0.011116430838775513,1.0000000000000002
200,381,Mirroring infrastructure for PyPI,Withdrawn,21-Mar-2009,1,4,1,5,0.1081949803282084,0.1081949803282084
124,305,CSV File API,Final,26-Jan-2003,1,1,0,1,0.10697911733602743,0.21517409766423584
276,458,Secure PyPI downloads with signed repository metadata,Accepted,27-Sep-2013,1,4,4,8,0.0870160953770843,0.3021901930413201
410,592,"Adding ""Yank"" Support to the Simple API",Final,07-May-2019,1,5,0,5,0.06172691632045818,0.3639171093617783
298,480,Surviving a Compromise of PyPI: End-to-end signing of packages,Draft,08-Oct-2014,1,3,1,4,0.05103671850712043,0.41495382786889873
509,691,JSON-based Simple API for Python Package Indexes,Accepted,04-May-2022,1,4,4,8,0.04807974261478185,0.4630335704836806
256,438,Transitioning to release-file hosting on PyPI,Superseded,15-Mar-2013,1,2,1,3,0.046863505243488715,0.5098970757271692
476,658,Serve Distribution Metadata in the Simple Repository API,Accepted,10-May-2021,1,3,0,3,0.04437007804066534,0.5542671537678346
556,740,Index support for digital attestations,Final,08-Jan-2024,1,3,3,6,0.042436356023047246,0.5967035097908819
288,470,Removing External Hosting Support on PyPI,Final,12-May-2014,1,2,1,3,0.035326072477022255,0.6320295822679042
267,449,Removal of the PyPI Mirror Auto Discovery and Naming Scheme,Final,04-Aug-2013,1,1,1,2,0.03350314426201019,0.6655327265299144
526,708,Extending the Repository API to Mitigate Dependency Confusion Attacks,Provisional,20-Feb-2023,1,3,0,3,0.03336410108070446,0.6988968276106188
568,752,Implicit namespaces for package repositories,Draft,13-Aug-2024,1,2,5,7,0.03241148271740124,0.73130831032802
512,694,Upload 2.0 API for Python Package Indexes,Draft,11-Jun-2022,1,3,3,6,0.032307200333377036,0.7636155106613971
359,541,Package Index Name Retention,Final,12-Jan-2017,1,3,0,3,0.02872537417327854,0.7923408848346756
582,766,Explicit Priority Choices Among Multiple Indexes,Draft,18-Nov-2024,1,2,2,4,0.025926951580834797,0.8182678364155104
447,629,Versioning PyPI's Simple API,Final,16-Jul-2020,1,1,0,1,0.02522933178303863,0.843497168198549
628,817,Wheel Variants: Beyond Platform Tags,Draft,10-Dec-2025,1,1,2,3,0.021392507057433088,0.8648896752559821
282,464,Removal of the PyPI Mirror Authenticity API,Final,02-Mar-2014,1,0,2,2,0.015012258304890846,0.879901933560873
532,714,Rename dist-info-metadata in the Simple API,Accepted,06-Jun-2023,1,0,2,2,0.015012258304890846,0.8949141918657638
569,753,Uniform project URLs in core metadata,Accepted,29-Aug-2024,1,0,1,1,0.015012258304890846,0.9099264501706547
571,755,Implicit namespace policy for PyPI,Draft,05-Sep-2024,1,0,2,2,0.015012258304890846,0.9249387084755455
575,759,External Wheel Hosting,Withdrawn,01-Oct-2024,1,0,7,7,0.015012258304890846,0.9399509667804363
579,763,Limiting deletions on PyPI,Withdrawn,24-Oct-2024,1,0,1,1,0.015012258304890846,0.9549632250853272
607,792,Project status markers in the simple index,Final,21-May-2025,1,0,1,1,0.015012258304890846,0.969975483390218
619,807,Index support for Trusted Publishing,Draft,19-Sep-2025,1,0,1,1,0.015012258304890846,0.9849877416951089
634,825,Wheel Variants: Package Format,Draft,17-Feb-2026,1,0,2,2,0.015012258304890846,0.9999999999999998
302,484,Type Hints,Final,29-Sep-2014,2,13,6,19,0.241690346272143,0.241690346272143
344,526,Syntax for Variable Annotations,Final,09-Aug-2016,2,8,1,9,0.11833457755611236,0.36002492382825535
650,3107,Function Annotations,Final,02-Dec-2006,2,7,0,7,0.11137324164962283,0.47139816547787816
381,563,Postponed Evaluation of Annotations,Superseded,08-Sep-2017,2,7,8,15,0.07512230799767072,0.5465204734755489
301,483,The Theory of Type Hints,Final,19-Dec-2014,2,3,2,5,0.05468947411313664,0.6012099475886855
467,649,Deferred Evaluation Of Annotations Using Descriptors,Final,11-Jan-2021,2,8,4,12,0.049097654006611154,0.6503076015952967
300,482,Literature Overview for Type Hints,Final,08-Jan-2015,2,1,1,2,0.04364869733305996,0.6939562989283566
379,561,Distributing and Packaging Type Information,Final,09-Sep-2017,2,1,3,4,0.04364869733305996,0.7376049962614166
375,557,Data Classes,Final,02-Jun-2017,2,4,1,5,0.0320183870803766,0.7696233833417933
513,695,Type Parameter Syntax,Final,15-Jun-2022,2,3,5,8,0.029293839711658592,0.7989172230534518
362,544,Protocols: Structural subtyping (static duck typing),Final,05-Mar-2017,2,2,3,5,0.02139158939486003,0.8203088124483119
565,749,Implementing PEP 649,Final,28-May-2024,2,2,4,6,0.02005846323700067,0.8403672756853126
378,560,Core support for typing module and generic types,Final,03-Sep-2017,2,1,3,4,0.017392210921281955,0.8577594866065945
431,613,Explicit Type Aliases,Final,21-Jan-2020,2,1,1,2,0.014390178578532743,0.8721496651851273
514,696,Type Defaults for Type Parameters,Final,14-Jul-2022,2,1,1,2,0.013672596384721753,0.885822261569849
411,593,Flexible function and variable annotations,Final,26-Apr-2019,2,1,2,3,0.01340962657969411,0.8992318881495431
499,681,Data Class Transforms,Final,02-Dec-2021,2,1,2,3,0.01340962657969411,0.9126415147292372
508,690,Lazy Imports,Rejected,29-Apr-2022,2,1,2,3,0.012076500421834752,0.924718015151072
456,638,Syntactic Macros,Draft,24-Sep-2020,2,0,1,1,0.009410248106116036,0.934128263257188
489,671,Syntax for late-bound function argument defaults,Draft,24-Oct-2021,2,0,2,2,0.009410248106116036,0.943538511363304
491,673,Self Type,Final,10-Nov-2021,2,0,2,2,0.009410248106116036,0.95294875946942
530,712,"Adding a ""converter"" parameter to dataclasses.field",Rejected,01-Jan-2023,2,0,2,2,0.009410248106116036,0.962359007575536
562,746,Type checking Annotated metadata,Draft,20-May-2024,2,0,2,2,0.009410248106116036,0.9717692556816521
563,747,Annotating Type Forms,Draft,27-May-2024,2,0,1,1,0.009410248106116036,0.9811795037877682
597,781,Make ``TYPE_CHECKING`` a built-in constant,Draft,24-Mar-2025,2,0,3,3,0.009410248106116036,0.9905897518938842
622,810,Explicit lazy imports,Accepted,02-Oct-2025,2,0,3,3,0.009410248106116036,1.0000000000000002
662,3119,Introducing Abstract Base Classes,Final,18-Apr-2007,3,2,2,4,0.11481079146606041,0.11481079146606041
56,236,Back to the __future__,Final,26-Feb-2001,3,7,4,11,0.10346434372296139,0.2182751351890218
684,3141,A Type Hierarchy for Numbers,Final,23-Apr-2007,3,3,1,4,0.09883166397111488,0.3171067991601367
59,239,Adding a Rational Type to Python,Rejected,11-Mar-2001,3,4,3,7,0.08513201914517342,0.4022388183053101
65,245,Python Interface Syntax,Rejected,11-Jan-2001,3,3,5,8,0.07423452351585104,0.47647334182116113
667,3124,"Overloading, Generic Functions, Interfaces, and Adaptation",Deferred,28-Apr-2007,3,2,3,5,0.06477089767973315,0.5412442395008943
146,327,Decimal Data Type,Final,17-Oct-2003,3,2,1,3,0.05436059635589849,0.5956048358567928
50,230,Warning Framework,Final,28-Nov-2000,3,3,0,3,0.05058103556662166,0.6461858714234144
66,246,Object Adaptation,Rejected,21-Mar-2001,3,3,1,4,0.046948400278351676,0.6931342717017661
4,5,Guidelines for Language Evolution,Superseded,26-Oct-2000,3,4,0,4,0.04501513327936755,0.7381494049811337
60,240,Adding a Rational Literal to Python,Rejected,11-Mar-2001,3,2,2,4,0.04186042511842755,0.7800098300995613
47,227,Statically Nested Scopes,Final,01-Nov-2000,3,2,1,3,0.03796097259076133,0.8179708026903225
84,264,Future statements in simulated shells,Final,30-Jul-2001,3,2,1,3,0.03782869558110048,0.855799498271423
52,232,Function Attributes,Final,02-Dec-2000,3,1,0,1,0.025068784320072666,0.8808682825914957
53,233,Python Online Help,Deferred,11-Dec-2000,3,1,0,1,0.025068784320072666,0.9059370669115684
58,238,Changing the Division Operator,Final,11-Mar-2001,3,1,4,5,0.015975801688515447,0.9219128686000838
48,228,Reworking Python's Numeric Model,Withdrawn,04-Nov-2000,3,1,1,2,0.015843524678854602,0.9377563932789384
64,244,The ``directive`` statement,Rejected,20-Mar-2001,3,0,3,3,0.012448721344212339,0.9502051146231507
132,313,Adding Roman Numeral Literals to Python,Rejected,01-Apr-2003,3,0,2,2,0.012448721344212339,0.9626538359673631
136,317,Eliminate Implicit Exception Instantiation,Rejected,06-May-2003,3,0,3,3,0.012448721344212339,0.9751025573115755
261,443,Single-dispatch generic functions,Final,22-May-2013,3,0,3,3,0.012448721344212339,0.9875512786557877
315,497,A standard mechanism for backward compatibility,Rejected,04-Aug-2015,3,0,3,3,0.012448721344212339,1.0
638,3000,Python 3000,Final,05-Apr-2006,4,4,3,7,0.11604603793556884,0.11604603793556884
163,344,Exception Chaining and Embedded Tracebacks,Superseded,12-May-2005,4,4,2,6,0.09938307544591368,0.21542911338148252
677,3134,Exception Chaining and Embedded Tracebacks,Final,12-May-2005,4,3,2,5,0.09508965321516755,0.31051876659665006
3,4,Deprecation of Standard Modules,Active,01-Oct-2000,4,4,0,4,0.08515867579669173,0.3956774423933418
643,3100,Miscellaneous Python 3.0 Plans,Final,20-Aug-2004,4,4,7,11,0.07737567221305594,0.47305311460639776
642,3099,Things that will Not Change in Python 3000,Final,04-Apr-2006,4,3,0,3,0.07138610997571987,0.5444392245821176
167,348,Exception Reorganization for Python 3.0,Rejected,28-Jul-2005,4,2,2,4,0.06923593940821804,0.6136751639903356
180,361,Python 2.6 and 3.0 Release Schedule,Final,29-Jun-2006,4,1,5,6,0.0486150000758915,0.6622901640662271
171,352,Required Superclass for Exceptions,Final,27-Oct-2005,4,4,1,5,0.04720443841966313,0.7094946024858902
110,290,Code Migration and Modernization,Active,06-Jun-2002,4,1,1,2,0.04516176148564879,0.754656363971539
472,654,Exception Groups and except*,Final,22-Feb-2021,4,2,1,3,0.0357988132892201,0.7904551772607592
639,3001,Procedure for reviewing and improving standard library modules,Withdrawn,05-Apr-2006,4,1,0,1,0.025131459100256996,0.8155866363610161
648,3105,Make print a function,Final,19-Nov-2006,4,1,0,1,0.025131459100256996,0.8407180954612732
653,3110,Catching Exceptions in Python 3000,Final,16-Jan-2006,4,1,3,4,0.025131459100256996,0.8658495545615301
190,371,Addition of the multiprocessing package to the standard library,Final,06-May-2008,4,1,0,1,0.024000301586853484,0.8898498561483836
114,294,Type Names in the types Module,Rejected,19-Jun-2002,4,0,1,1,0.01573573483594522,0.9055855909843289
496,678,Enriching Exceptions with Notes,Final,20-Dec-2021,4,0,2,2,0.01573573483594522,0.921321325820274
601,785,New methods for easier handling of ``ExceptionGroup``\ s,Draft,08-Apr-2025,4,0,1,1,0.01573573483594522,0.9370570606562193
647,3104,Access to Names in Outer Scopes,Final,12-Oct-2006,4,0,1,1,0.01573573483594522,0.9527927954921646
652,3109,Raising Exceptions in Python 3000,Final,19-Jan-2006,4,0,2,2,0.01573573483594522,0.9685285303281097
654,3111,Simple input built-in in Python 3000,Final,13-Sep-2006,4,0,1,1,0.01573573483594522,0.984264265164055
694,3151,Reworking the OS and IO exception hierarchy,Final,21-Jul-2010,4,0,1,1,0.01573573483594522,1.0000000000000002
12,13,Python Language Governance,Active,16-Dec-2018,5,16,12,28,0.29390491847142053,0.29390491847142053
702,8001,Python Governance Voting Process,Final,24-Aug-2018,5,9,9,18,0.11724494046389913,0.41114985893531963
710,8016,The Steering Council Model,Accepted,01-Nov-2018,5,10,2,12,0.09187260585083983,0.5030224647861595
701,8000,Python Language Governance Proposal Overview,Final,24-Aug-2018,5,2,10,12,0.04107023830931952,0.544092703095479
703,8002,Open Source Governance Survey,Final,24-Aug-2018,5,3,0,3,0.038533567729974426,0.5826262708254535
704,8010,The Technical Leader Governance Model,Rejected,24-Aug-2018,5,4,3,7,0.033683207594102836,0.6163094784195563
711,8100,January 2019 Steering Council election,Final,03-Jan-2019,5,1,1,2,0.02999705878422576,0.6463065372037821
712,8101,2020 Term Steering Council election,Final,16-Nov-2019,5,1,1,2,0.02999705878422576,0.6763035959880078
713,8102,2021 Term Steering Council election,Final,29-Oct-2020,5,1,1,2,0.02999705878422576,0.7063006547722336
714,8103,2022 Term Steering Council election,Final,04-Oct-2021,5,1,1,2,0.02999705878422576,0.7362977135564593
715,8104,2023 Term Steering Council election,Final,08-Nov-2022,5,1,1,2,0.02999705878422576,0.7662947723406851
716,8105,2024 Term Steering Council election,Final,23-Oct-2023,5,1,1,2,0.02999705878422576,0.7962918311249109
717,8106,2025 Term Steering Council election,Final,21-Oct-2024,5,1,1,2,0.02999705878422576,0.8262888899091366
718,8107,2026 Term Steering Council election,Final,21-Oct-2025,5,1,1,2,0.02999705878422576,0.8562859486933624
705,8011,Python Governance Model Lead by Trio of Pythonistas,Rejected,24-Aug-2018,5,3,4,7,0.027779991590802237,0.8840659402841646
706,8012,The Community Governance Model,Rejected,03-Oct-2018,5,2,4,6,0.023743611593486237,0.9078095518776508
707,8013,The External Council Governance Model,Rejected,14-Sep-2018,5,2,5,7,0.023743611593486237,0.931553163471137
708,8014,The Commons Governance Model,Rejected,16-Sep-2018,5,2,2,4,0.023743611593486237,0.9552967750646233
709,8015,Organization of the Python community,Rejected,04-Oct-2018,5,2,2,4,0.023743611593486237,0.9790403866581096
427,609,Python Packaging Authority (PyPA) Governance,Active,05-Nov-2019,5,1,0,1,0.011780215222601408,0.990820601880711
588,772,Packaging Council governance process,Draft,21-Jan-2025,5,0,3,3,0.009179398119288817,0.9999999999999998
227,409,Suppressing exception context,Final,26-Jan-2012,6,3,1,4,0.2172795335404454,0.2172795335404454
233,415,Implement context suppression with exception attributes,Final,26-Feb-2012,6,3,1,4,0.2172795335404454,0.4345590670808908
217,399,Pure Python/C Accelerator Module Compatibility Requirements,Final,04-Apr-2011,6,4,0,4,0.05910610347762081,0.4936651705585116
641,3003,Python Language Moratorium,Final,21-Oct-2009,6,2,0,2,0.05509781198718669,0.5487629825456983
698,3155,Qualified name for classes and functions,Final,29-Oct-2011,6,3,0,3,0.05275128376302941,0.6015142663087277
239,421,Adding sys.implementation,Final,26-Apr-2012,6,2,2,4,0.04147779196085841,0.6429920582695862
682,3139,"Cleaning out sys and the ""interpreter"" module",Rejected,04-Apr-2008,6,1,0,1,0.03852817846198944,0.6815202367315756
236,418,"Add monotonic time, performance counter, and process time functions",Final,26-Mar-2012,6,2,0,2,0.03259524019034531,0.7141154769219209
216,398,Python 3.3 Release Schedule,Final,23-Mar-2011,6,1,9,10,0.02978241871574014,0.7438978956376611
225,407,New release cycle and introducing long-term support versions,Deferred,12-Jan-2012,6,1,1,2,0.02978241871574014,0.7736803143534011
228,410,Use decimal.Decimal type for timestamps,Rejected,01-Feb-2012,6,1,0,1,0.02978241871574014,0.8034627330691413
181,362,Function Signature Object,Final,21-Aug-2006,6,1,0,1,0.023712688419832213,0.8271754214889735
235,417,Including mock in the Standard Library,Final,12-Mar-2012,6,1,0,1,0.023712688419832213,0.8508881099088057
697,3154,Pickle protocol version 4,Final,11-Aug-2011,6,1,1,2,0.023712688419832213,0.8746007983286379
210,392,Python 3.2 Release Schedule,Final,30-Dec-2009,6,0,2,2,0.02089986694522704,0.895500665273865
231,413,Faster evolution of the Python Standard Library,Withdrawn,24-Feb-2012,6,0,2,2,0.02089986694522704,0.916400532219092
308,490,Chain exceptions at C level,Rejected,25-Mar-2015,6,0,2,2,0.02089986694522704,0.9373003991643191
382,564,Add new time functions with nanosecond resolution,Final,16-Oct-2017,6,0,2,2,0.02089986694522704,0.9582002661095461
553,737,C API to format a type fully qualified name,Final,29-Nov-2023,6,0,2,2,0.02089986694522704,0.9791001330547732
555,739,``build-details.json`` 1.0 — a static description file for Python build details,Accepted,19-Dec-2023,6,0,1,1,0.02089986694522704,1.0000000000000002
409,591,Adding a final qualifier to typing,Final,15-Mar-2019,7,5,1,6,0.27134543023750757,0.27134543023750757
404,586,Literal Types,Final,14-Mar-2019,7,3,1,4,0.26370404251557006,0.5350494727530777
396,578,Python Runtime Audit Hooks,Final,16-Jun-2018,7,2,1,3,0.07891838790475471,0.6139678606578324
369,551,Security transparency in the Python runtime,Withdrawn,23-Aug-2017,7,1,1,2,0.07770053358185153,0.6916683942396838
407,589,TypedDict: Type Hints for Dictionaries with a Fixed Set of Keys,Final,20-Mar-2019,7,6,2,8,0.04748107778037566,0.7391494720200595
403,585,Type Hinting Generics In Standard Collections,Final,03-Mar-2019,7,3,0,3,0.04134721585989165,0.7804966878799512
422,604,Allow writing union types as ``X | Y``,Final,28-Aug-2019,7,3,1,4,0.028453527583674084,0.8089502154636252
473,655,Marking individual TypedDict items as required or potentially-missing,Final,30-Jan-2021,7,2,2,4,0.02656896510567791,0.8355191805693032
510,692,Using TypedDict for more precise \*\*kwargs typing,Final,29-May-2022,7,4,2,6,0.02547514829830318,0.8609943288676063
523,705,TypedDict: Read-only items,Final,07-Nov-2022,7,2,4,6,0.024111977005616632,0.885106305873223
430,612,Parameter Specification Variables,Final,18-Dec-2019,7,3,0,3,0.01953091042099042,0.9046372162942135
544,728,TypedDict with Typed Extra Items,Accepted,12-Sep-2023,7,2,3,5,0.015770286599981483,0.9204075028941949
580,764,Inline typed dictionaries,Draft,25-Oct-2024,7,1,4,5,0.013626731022006112,0.934034233916201
495,677,Callable Type Syntax,Rejected,13-Dec-2021,7,1,3,4,0.012874606257804325,0.9469088401740053
387,569,Python 3.8 Release Schedule,Final,27-Jan-2018,7,0,4,4,0.010618231965198965,0.9575270721392043
516,698,Override Decorator for Static Typing,Final,05-Sep-2022,7,0,1,1,0.010618231965198965,0.9681453041044032
583,767,Annotating Read-Only Attributes,Draft,18-Nov-2024,7,0,1,1,0.010618231965198965,0.9787635360696022
632,821,Support for unpacking TypedDicts in Callable type hints,Draft,12-Jan-2026,7,0,4,4,0.010618231965198965,0.9893817680348012
636,827,Type Manipulation,Draft,27-Feb-2026,7,0,3,3,0.010618231965198965,1.0000000000000002
86,266,Optimizing Global Variable/Attribute Access,Withdrawn,13-Aug-2001,8,5,0,5,0.14495372198075698,0.14495372198075698
87,267,Optimized Access to Module Namespaces,Deferred,23-May-2001,8,3,2,5,0.07938492101601785,0.22433864299677483
100,280,Optimizing access to globals,Deferred,10-Feb-2002,8,3,2,5,0.07938492101601785,0.30372356401279266
83,263,Defining Python Source Code Encodings,Final,06-Jun-2001,8,2,0,2,0.07217232405658561,0.3758958880693783
102,282,A Logging System,Final,04-Feb-2002,8,2,0,2,0.07217232405658561,0.4480682121259639
130,311,Simplified Global Interpreter Lock Acquisition for Extensions,Final,05-Feb-2003,8,2,0,2,0.07217232405658561,0.5202405361825495
89,269,Pgen Module for Python,Deferred,24-Aug-2001,8,2,0,2,0.045646776781446116,0.5658873129639956
106,286,Enhanced Argument Tuples,Deferred,03-Mar-2002,8,2,0,2,0.045646776781446116,0.6115340897454418
141,322,Reverse Iteration,Final,24-Sep-2003,8,1,0,1,0.042753080715067254,0.654287170460509
98,278,Universal Newline Support,Final,14-Jan-2002,8,1,0,1,0.040341667326418224,0.6946288377869272
105,285,Adding a bool type,Final,08-Mar-2002,8,1,0,1,0.040341667326418224,0.7349705051133455
126,307,Extensions to the pickle protocol,Final,31-Jan-2003,8,1,0,1,0.040341667326418224,0.7753121724397637
103,283,Python 2.3 Release Schedule,Final,27-Feb-2002,8,0,11,11,0.03744797126003936,0.812760143699803
139,320,Python 2.4 Release Schedule,Final,29-Jul-2003,8,0,6,6,0.03744797126003936,0.8502081149598424
148,329,Treating Builtins as Constants in the Standard Library,Rejected,18-Apr-2004,8,0,1,1,0.03744797126003936,0.8876560862198818
156,337,Logging Usage in the Standard Library,Deferred,02-Oct-2004,8,0,1,1,0.03744797126003936,0.9251040574799211
603,788,Protecting the C API from Interpreter Finalization,Draft,23-Apr-2025,8,0,1,1,0.03744797126003936,0.9625520287399605
663,3120,Using UTF-8 as the default source encoding,Final,15-Apr-2007,8,0,1,1,0.03744797126003936,0.9999999999999998
162,343,"The ""with"" Statement",Final,13-May-2005,9,7,5,12,0.15656401145926732,0.15656401145926732
129,310,Reliable Acquisition/Release Pairs,Rejected,18-Dec-2002,9,4,2,6,0.08868946303877766,0.24525347449804497
161,342,Coroutines via Enhanced Generators,Final,10-May-2005,9,5,4,9,0.08184249774036995,0.3270959722384149
138,319,Python Synchronize/Asynchronize Block,Rejected,24-Feb-2003,9,2,2,4,0.07831200218238683,0.4054079744208018
75,255,Simple Generators,Final,18-May-2001,9,4,2,6,0.07501993519556135,0.4804279096163631
54,234,Iterators,Final,30-Jan-2001,9,4,0,4,0.06707983769154917,0.5475077473079123
144,325,Resource-Release Support for Generators,Rejected,25-Aug-2003,9,6,3,9,0.06539141574434258,0.6128991630522549
108,288,Generators Attributes and Exceptions,Withdrawn,21-Mar-2002,9,4,2,6,0.06471144880691389,0.6776106118591687
159,340,Anonymous Block Statements,Rejected,27-Apr-2005,9,3,6,9,0.0637657752439079,0.7413763871030766
40,220,"Coroutines, Generators, Continuations",Rejected,14-Aug-2000,9,1,0,1,0.05300988173127835,0.794386268834355
39,219,Stackless Python,Deferred,14-Aug-2000,9,1,1,2,0.04588813516340681,0.8402744039977619
165,346,"User Defined (""``with``"") Statements",Withdrawn,06-May-2005,9,1,6,7,0.04061984593287668,0.8808942499306385
700,3333,Python Web Server Gateway Interface v1.0.1,Final,26-Sep-2010,9,3,4,7,0.03720889024843403,0.9181031401790726
152,333,Python Web Server Gateway Interface v1.0,Final,07-Dec-2003,9,2,3,5,0.025879407288789562,0.9439825474678621
153,334,Simple Coroutines via SuspendIteration,Withdrawn,26-Aug-2004,9,0,2,2,0.014004363133034438,0.9579869106008966
196,377,Allow __enter__() methods to skip the statement body,Rejected,08-Mar-2009,9,0,1,1,0.014004363133034438,0.971991273733931
232,414,Explicit Unicode Literal for Python 3.3,Final,15-Feb-2012,9,0,1,1,0.014004363133034438,0.9859956368669655
262,444,Python Web3 Interface,Deferred,19-Jul-2010,9,0,3,3,0.014004363133034438,0.9999999999999999
367,549,Instance Descriptors,Rejected,04-Sep-2017,10,1,0,1,0.08937502138500361,0.08937502138500361
134,315,Enhanced While Loop,Rejected,25-Apr-2003,10,1,0,1,0.08599698105241198,0.17537200243741558
358,540,Add a new UTF-8 Mode,Final,05-Jan-2016,10,4,3,7,0.08242813840184698,0.25780014083926256
380,562,Module __getattr__ and __dir__,Final,09-Sep-2017,10,3,1,4,0.0745776895005828,0.33237783033984536
366,548,More Flexible Loop Control,Rejected,05-Sep-2017,10,1,1,2,0.07060127548873486,0.4029791058285802
346,528,Change Windows console encoding to UTF-8,Final,27-Aug-2016,10,2,0,2,0.06806359368214461,0.47104269951072486
347,529,Change Windows filesystem encoding to UTF-8,Final,27-Aug-2016,10,2,0,2,0.06806359368214461,0.5391062931928694
356,538,Coercing the legacy C locale to a UTF-8 based locale,Final,28-Dec-2016,10,3,3,6,0.06608338608650217,0.6051896792793716
274,456,Secure and interchangeable hash algorithm,Final,27-Sep-2013,10,1,0,1,0.06230469204557719,0.6674943713249488
405,587,Python Initialization Configuration,Final,27-Mar-2019,10,2,4,6,0.05800479811383508,0.7254991694387839
371,553,Built-in breakpoint(),Final,05-Sep-2017,10,2,1,3,0.05249026526110742,0.7779894346998913
250,432,Restructuring the CPython startup sequence,Withdrawn,28-Dec-2012,10,2,2,4,0.049355005851633146,0.8273444405515245
370,552,Deterministic pycs,Final,04-Sep-2017,10,2,1,3,0.042728778579790544,0.870073219131315
355,537,Python 3.7 Release Schedule,Final,23-Dec-2016,10,0,5,5,0.02598535617373696,0.896058575305052
377,559,Built-in noop(),Rejected,08-Sep-2017,10,0,1,1,0.02598535617373696,0.9220439314787889
531,713,Callable Modules,Rejected,20-Apr-2023,10,0,1,1,0.02598535617373696,0.9480292876525259
542,726,Module ``__setattr__`` and ``__delattr__``,Rejected,24-Aug-2023,10,0,1,1,0.02598535617373696,0.9740146438262629
557,741,Python Configuration C API,Final,18-Jan-2024,10,0,2,2,0.02598535617373696,0.9999999999999998
664,3121,Extension Module Initialization and Finalization,Final,27-Apr-2007,11,4,0,4,0.18363815045988147,0.18363815045988147
307,489,Multi-phase extension module initialization,Final,11-Aug-2013,11,8,1,9,0.13836213184480659,0.322000282304688
502,684,A Per-Interpreter GIL,Final,08-Mar-2022,11,3,6,9,0.06769093874414153,0.3896912210488296
391,573,Module State Access from C Extension Methods,Final,02-Jun-2016,11,4,2,6,0.062271246237634914,0.4519624672864645
470,652,Maintaining the Stable ABI,Final,09-Feb-2021,11,3,0,3,0.05948506344780255,0.5114475307342671
521,703,Making the Global Interpreter Lock Optional in CPython,Accepted,09-Jan-2023,11,3,3,6,0.05948506344780255,0.5709325941820695
501,683,"Immortal Objects, Using a Fixed Refcount",Final,10-Feb-2022,11,3,0,3,0.05642059677588211,0.6273531909579517
372,554,Multiple Interpreters in the Stdlib,Superseded,05-Sep-2017,11,2,6,8,0.05292844912974419,0.6802816400876959
550,734,Multiple Interpreters in the Stdlib,Final,06-Nov-2023,11,2,2,4,0.04908372274666756,0.7293653628343635
616,803,"""abi3t"": Stable ABI for Free-Threaded Builds",Draft,19-Aug-2025,11,2,6,8,0.04013406883198328,0.7694994316663467
448,630,Isolating Extension Modules,Final,25-Aug-2020,11,2,2,4,0.038437327476601876,0.8079367591429486
515,697,Limited C API for Extending Opaque Types,Final,23-Aug-2022,11,2,1,3,0.03215423562623622,0.8400909947691848
595,779,Criteria for supported status for free-threaded Python,Final,13-Mar-2025,11,2,1,3,0.03215423562623622,0.872245230395421
608,793,PyModExport: A new entry point for C extension modules,Accepted,23-May-2025,11,2,2,4,0.03215423562623622,0.9043994660216572
621,809,Stable ABI for the Future,Draft,19-Sep-2025,11,1,6,7,0.02816431902336269,0.9325637850450199
365,547,Running extension modules using the -m option,Deferred,25-May-2017,11,0,1,1,0.022478738318326592,0.9550425233633466
505,687,Isolating modules in the standard library,Accepted,04-Apr-2022,11,0,3,3,0.022478738318326592,0.9775212616816732
610,797,Shared Object Proxies,Draft,08-Aug-2025,11,0,1,1,0.022478738318326592,0.9999999999999998
420,602,Annual Release Cycle for Python,Active,04-Jun-2019,12,11,3,14,0.2543231915454472,0.2543231915454472
414,596,Python 3.9 Release Schedule,Final,04-Jun-2019,12,3,3,6,0.13388698442554087,0.38821017597098806
416,598,Introducing incremental feature releases,Withdrawn,15-Jun-2019,12,3,3,6,0.10657639480559053,0.4947865707765786
535,719,Python 3.13 Release Schedule,Active,26-May-2023,12,1,1,2,0.08947281540606879,0.5842593861826474
423,605,A rolling feature release stream for CPython,Rejected,20-Sep-2019,12,4,4,8,0.06690432479246812,0.6511637109751155
432,614,Relaxing Grammar Restrictions On Decorators,Final,10-Feb-2020,12,1,0,1,0.05535068221352091,0.7065143931886364
434,616,String methods to remove prefixes and suffixes,Final,19-Mar-2020,12,1,0,1,0.05535068221352091,0.7618650754021573
13,20,The Zen of Python,Active,19-Aug-2004,12,3,0,3,0.03806641959585356,0.7999314949980109
425,607,Reducing CPython's Feature Delivery Latency,Final,11-Oct-2019,12,1,2,3,0.031632611428970295,0.8315641064269812
383,565,Show DeprecationWarning in __main__,Final,12-Nov-2017,12,2,0,2,0.023263028255975204,0.8548271346829563
424,606,Python Compatibility Version,Rejected,18-Oct-2019,12,1,6,7,0.02037636927669971,0.8752035039596561
640,3002,Procedure for Backwards-Incompatible Changes,Final,27-Mar-2006,12,1,0,1,0.020302349987999534,0.8955058539476556
426,608,Coordinated Python release,Rejected,25-Oct-2019,12,0,5,5,0.017415691008724036,0.9129215449563797
511,693,Python 3.12 Release Schedule,Active,24-May-2022,12,0,1,1,0.017415691008724036,0.9303372359651036
561,745,Python 3.14 Release Schedule,Active,24-Apr-2024,12,0,1,1,0.017415691008724036,0.9477529269738277
605,790,Python 3.15 Release Schedule,Active,26-Apr-2025,12,0,1,1,0.017415691008724036,0.9651686179825517
635,826,Python 3.16 Release Schedule,Active,23-Feb-2026,12,0,1,1,0.017415691008724036,0.9825843089912758
660,3117,Postfix type declarations,Rejected,01-Apr-2007,12,0,1,1,0.017415691008724036,0.9999999999999998
61,241,Metadata for Python Software Packages,Superseded,12-Mar-2001,13,9,0,9,0.1817336892021092,0.1817336892021092
164,345,Metadata for Python Software Packages 1.2,Superseded,28-Apr-2005,13,9,4,13,0.11219427328401677,0.29392796248612596
120,301,Package Index and Metadata for Distutils,Final,24-Oct-2002,13,3,2,5,0.09080147757905999,0.38472944006518595
258,440,Version Identification and Dependency Specification,Final,18-Mar-2013,13,6,5,11,0.08449250903542596,0.4692219491006119
133,314,Metadata for Python Software Packages 1.1,Superseded,12-Apr-2003,13,6,2,8,0.08002268623835172,0.5492446353389636
82,262,A Database of Installed Python Packages,Rejected,08-Jul-2001,13,2,3,5,0.06396944731162989,0.6132140826505935
244,426,Metadata for Python Software Packages 2.0,Withdrawn,30-Aug-2012,13,5,8,13,0.06071646863135699,0.6739305512819505
63,243,Module Repository Upload Mechanism,Withdrawn,18-Mar-2001,13,1,1,2,0.055504960009031754,0.7294355112909823
205,386,Changing the version comparison module in Distutils,Superseded,04-Jun-2009,13,4,2,6,0.04731537447737039,0.7767508857683526
195,376,Database of Installed Python Distributions,Final,22-Feb-2009,13,2,4,6,0.039832920681282746,0.8165838064496354
277,459,Standard Metadata Extensions for Python Software Packages,Withdrawn,11-Nov-2013,13,2,2,4,0.03772985618577881,0.8543136626354142
321,503,Simple Repository API,Final,04-Sep-2015,13,2,2,4,0.03055528845405849,0.8848689510894727
384,566,Metadata for Python Software Packages 2.1,Final,01-Dec-2017,13,2,5,7,0.03055528845405849,0.9154242395435311
208,390,Static metadata for Distutils,Rejected,10-Oct-2009,13,0,3,3,0.016915152091293746,0.9323393916348249
214,396,Module Version Numbers,Withdrawn,16-Mar-2011,13,0,3,3,0.016915152091293746,0.9492545437261186
314,496,Environment Markers,Rejected,03-Jul-2015,13,0,3,3,0.016915152091293746,0.9661696958174124
518,700,Additional Fields for the Simple API for Package Indexes,Final,21-Oct-2022,13,0,2,2,0.016915152091293746,0.9830848479087062
630,819,JSON Package Metadata,Draft,18-Dec-2025,13,0,2,2,0.016915152091293746,0.9999999999999999
280,462,Core development workflow automation for CPython,Withdrawn,23-Jan-2014,14,3,3,6,0.10938140141609341,0.10938140141609341
325,507,Migrate CPython to Git and GitLab,Rejected,30-Sep-2015,14,3,3,6,0.10429774479003716,0.21367914620613057
16,101,Doing Python Releases 101,Active,22-Aug-2001,14,4,2,6,0.09969314094759467,0.3133722871537252
292,474,Creating forge.python.org,Withdrawn,19-Jul-2014,14,3,2,5,0.09850737635225783,0.41187966350598304
166,347,Migrating the Python CVS to Subversion,Final,14-Jul-2004,14,2,0,2,0.07673122547661976,0.48861088898260285
14,42,Feature Requests,Withdrawn,12-Sep-2000,14,1,0,1,0.0708987713896285,0.5595096603722314
17,102,Doing Python Micro Releases,Superseded,09-Jan-2002,14,1,1,2,0.0630555830343103,0.6225652434065416
577,761,Deprecating PGP signatures for CPython artifacts,Active,08-Oct-2024,14,1,0,1,0.0630555830343103,0.6856208264408519
299,481,"Migrate CPython to Git, Github, and Phabricator",Withdrawn,29-Nov-2014,14,2,3,5,0.06099269111186916,0.7466135175527211
2,3,Guidelines for Handling Bug Reports,Withdrawn,25-Sep-2000,14,2,1,3,0.059074066748855514,0.8056875843015766
313,495,Local Time Disambiguation,Final,02-Aug-2015,14,1,1,2,0.038267815124528974,0.8439553994261055
330,512,Migrating from hg.python.org to GitHub,Final,17-Jan-2015,14,1,3,4,0.037966262804426394,0.8819216622305319
204,385,Migrating from Subversion to Mercurial,Final,25-May-2009,14,1,1,2,0.029476526582147722,0.9113981888126796
55,235,Import on Case-Insensitive Platforms,Final,21-Feb-2001,14,1,0,1,0.026546097068020635,0.9379442858807003
5,6,Bug Fix Releases,Superseded,15-Mar-2001,14,0,3,3,0.02068523803976647,0.9586295239204667
193,374,Choosing a distributed VCS for the Python project,Final,07-Nov-2008,14,0,2,2,0.02068523803976647,0.9793147619602333
318,500,A protocol for delegating datetime methods to their tzinfo implementations,Rejected,08-Aug-2015,14,0,1,1,0.02068523803976647,0.9999999999999998
212,394,"The ""python"" Command on Unix-Like Systems",Active,02-Mar-2011,15,3,4,7,0.12551688967507152,0.12551688967507152
284,466,Network Security Enhancements for Python 2.7.x,Final,23-Mar-2014,15,4,0,4,0.11436805987883093,0.23988494955390244
215,397,Python launcher for Windows,Final,15-Mar-2011,15,4,1,5,0.10054121651651872,0.3404261660704212
189,370,Per user site-packages directory,Final,11-Jan-2008,15,2,0,2,0.09797901931052008,0.43840518538094125
222,404,Python 2.8 Un-release Schedule,Final,09-Nov-2011,15,2,0,2,0.08584256490640953,0.5242477502873508
192,373,Python 2.7 Release Schedule,Final,03-Nov-2008,15,2,2,4,0.07621417627574183,0.6004619265630926
223,405,Python Virtual Environments,Final,13-Jun-2011,15,3,1,4,0.07483897359188373,0.6753009001549763
361,543,A Unified TLS API for Python,Withdrawn,17-Oct-2016,15,2,0,2,0.06092255827685356,0.7362234584318299
294,476,Enabling certificate verification by default for stdlib http clients,Final,28-Aug-2014,15,1,1,2,0.038160439642972596,0.7743838980748025
304,486,Make the Python Launcher aware of virtual environments,Final,12-Feb-2015,15,1,2,3,0.03246990998450235,0.8068538080593048
332,514,Python registration in the Windows registry,Active,02-Feb-2016,15,1,1,2,0.03246990998450235,0.8393237180438072
257,439,Inclusion of implicit pip bootstrap in Python installation,Rejected,18-Mar-2013,15,0,3,3,0.02677938032603211,0.8661030983698393
311,493,HTTPS verification migration tools for Python 2.7,Final,10-May-2015,15,0,2,2,0.02677938032603211,0.8928824786958715
364,546,Backport ssl.MemoryBIO and ssl.SSLObject to Python 2.7,Rejected,30-May-2017,15,0,2,2,0.02677938032603211,0.9196618590219036
564,748,A Unified TLS API for Python,Draft,27-Jun-2024,15,0,1,1,0.02677938032603211,0.9464412393479357
589,773,A Python Installation Manager for Windows,Accepted,21-Jan-2025,15,0,4,4,0.02677938032603211,0.9732206196739678
689,3146,Merging Unladen Swallow into CPython,Withdrawn,01-Jan-2010,15,0,1,1,0.02677938032603211,0.9999999999999999
121,302,New Import Hooks,Final,19-Dec-2002,16,11,3,14,0.2379016276633216,0.2379016276633216
157,338,Executing modules as scripts,Final,16-Oct-2004,16,3,3,6,0.1112366141088555,0.3491382417721771
185,366,Main module explicit relative imports,Final,01-May-2007,16,2,4,6,0.08713581958435225,0.43627406135652935
93,273,Import Modules from Zip Archives,Final,11-Oct-2001,16,1,1,2,0.08304390664329508,0.5193179679998244
147,328,Imports: Multi-Line and Absolute/Relative,Final,21-Dec-2003,16,4,0,4,0.07943817561898127,0.5987561436188057
119,299,Special __main__() function in modules,Rejected,12-Aug-2002,16,2,0,2,0.056830395789177146,0.6555865394079828
220,402,Simplified Package Layout and Partitioning,Rejected,12-Jul-2011,16,4,2,6,0.051561214802082145,0.707147754210065
201,382,Namespace Packages,Rejected,02-Apr-2009,16,3,2,5,0.04824385553857657,0.7553916097486416
690,3147,PYC Repository Directories,Final,16-Dec-2009,16,2,2,4,0.0352608927604189,0.7906525025090605
665,3122,Delineation of the main module,Rejected,27-Apr-2007,16,1,3,4,0.034152904324834865,0.8248054068338954
269,451,A ModuleSpec Type for the Import System,Final,08-Aug-2013,16,3,4,7,0.031101928635147193,0.8559073354690425
238,420,Implicit Namespace Packages,Final,19-Apr-2012,16,3,4,7,0.031065401335348644,0.8869727368043911
123,304,Controlling Generation of Bytecode Files,Withdrawn,22-Jan-2003,16,1,2,3,0.030622884255078628,0.9175956210594698
213,395,Qualified Names for Modules,Withdrawn,04-Mar-2011,16,2,6,8,0.0288841060270418,0.9464797270865116
224,406,Improved Encapsulation of Import State,Withdrawn,04-Jul-2011,16,1,4,5,0.022246198041312233,0.9687259251278239
188,369,Post import hooks,Withdrawn,02-Jan-2008,16,0,1,1,0.01563703743608791,0.9843629625639118
317,499,``python -m foo`` should also bind ``'foo'`` in ``sys.modules``,Deferred,07-Aug-2015,16,0,2,2,0.01563703743608791,0.9999999999999997
7,8,Style Guide for Python Code,Active,05-Jul-2001,17,11,2,13,0.2933984505322349,0.2933984505322349
674,3131,Supporting Non-ASCII Identifiers,Final,01-May-2007,17,2,0,2,0.16553463316698774,0.45893308369922264
6,7,Style Guide for C Code,Active,05-Jul-2001,17,1,1,2,0.14677053867255258,0.6057036223717752
651,3108,Standard Library Reorganization,Final,01-Jan-2007,17,2,3,5,0.040839325986551885,0.6465429483583272
693,3150,"Statement local namespaces (aka ""given"" clause)",Deferred,09-Jul-2010,17,1,3,4,0.03576383767014914,0.6823067860284763
143,324,subprocess - New process module,Final,19-Nov-2003,17,1,0,1,0.03364633026568819,0.7159531162941645
179,360,Externally Maintained Packages,Final,30-May-2006,17,1,0,1,0.03364633026568819,0.7495994465598527
178,359,"The ""make"" Statement",Withdrawn,05-Apr-2006,17,1,0,1,0.032208327127998065,0.7818077736878507
221,403,"General purpose decorator clause (aka ""@in"" clause)",Deferred,13-Oct-2011,17,1,2,3,0.032208327127998065,0.8140161008158487
419,601,Forbid return/break/continue breaking out of finally,Rejected,26-Aug-2019,17,1,1,2,0.0314572787393343,0.8454733795551831
183,364,Transitioning to the Py3K Standard Library,Withdrawn,01-Mar-2007,17,0,2,2,0.022075231492116716,0.8675486110472997
209,391,Dictionary-Based Configuration For Logging,Final,15-Oct-2009,17,0,1,1,0.022075231492116716,0.8896238425394165
241,423,Naming conventions and recipes related to packaging,Deferred,24-May-2012,17,0,2,2,0.022075231492116716,0.9116990740315332
490,672,Unicode-related Security Considerations for Python,Active,01-Nov-2021,17,0,1,1,0.022075231492116716,0.9337743055236499
576,760,No More Bare Excepts,Withdrawn,02-Oct-2024,17,0,1,1,0.022075231492116716,0.9558495370157666
578,762,REPL-acing the default REPL,Final,11-Oct-2024,17,0,1,1,0.022075231492116716,0.9779247685078833
581,765,Disallow return/break/continue that exit a finally block,Final,15-Nov-2024,17,0,2,2,0.022075231492116716,1.0
95,275,Switching on Multiple Values,Rejected,10-Nov-2001,18,2,1,3,0.19662455584205818,0.19662455584205818
646,3103,A Switch/Case Statement,Rejected,25-Jun-2006,18,2,1,3,0.19662455584205815,0.39324911168411636
452,634,Structural Pattern Matching: Specification,Final,12-Sep-2020,18,6,4,10,0.0656684732153754,0.45891758489949175
453,635,Structural Pattern Matching: Motivation and Rationale,Final,12-Sep-2020,18,5,7,12,0.06556025765658025,0.524477842556072
440,622,Structural Pattern Matching,Superseded,23-Jun-2020,18,4,3,7,0.06250927761018857,0.5869871201662605
454,636,Structural Pattern Matching: Tutorial,Final,12-Sep-2020,18,6,3,9,0.062043876480463424,0.6490309966467239
390,572,Assignment Expressions,Final,28-Feb-2018,18,3,0,3,0.05581721871963466,0.7048482153663587
402,584,Add Union Operators To dict,Final,01-Mar-2019,18,2,0,2,0.04720834843159644,0.752056563797955
435,617,New PEG parser for CPython,Final,24-Mar-2020,18,2,0,2,0.04720834843159644,0.7992649122295515
458,640,Unused variable syntax,Rejected,04-Oct-2020,18,2,4,6,0.03211224823942942,0.8313771604689809
444,626,Precise line numbers for debugging and other tools.,Final,15-Jul-2020,18,2,0,2,0.030689056359890825,0.8620662168288717
436,618,Add Optional Length-Checking To zip,Final,01-May-2020,18,1,0,1,0.02458709626710747,0.8866533130959793
462,644,Require OpenSSL 1.1.1 or newer,Final,27-Oct-2020,18,1,0,1,0.02458709626710747,0.9112404093630867
352,534,Improved Errors for Missing Standard Library Modules,Withdrawn,05-Sep-2016,18,1,0,1,0.0241512419747658,0.9353916513378525
437,619,Python 3.10 Release Schedule,Active,25-May-2020,18,0,6,6,0.021536116220715787,0.9569277675585683
460,642,Explicit Pattern Syntax for Structural Pattern Matching,Rejected,26-Sep-2020,18,0,7,7,0.021536116220715787,0.9784638837792841
471,653,Precise Semantics for Pattern Matching,Draft,09-Feb-2021,18,0,3,3,0.021536116220715787,0.9999999999999999
22,202,List Comprehensions,Final,13-Jul-2000,19,5,0,5,0.2353211474912799,0.2353211474912799
32,212,Loop Counter Iteration,Rejected,22-Aug-2000,19,4,2,6,0.11605239403620082,0.3513735415274807
99,279,The enumerate() built-in function,Final,30-Jan-2002,19,2,2,4,0.10396390892655791,0.4553374504540386
109,289,Generator Expressions,Final,30-Jan-2002,19,3,1,4,0.09961530647490313,0.5549527569289417
21,201,Lockstep Iteration,Final,13-Jul-2000,19,1,1,2,0.07298974009857395,0.6279424970275157
101,281,Loop Counter Iteration with range and xrange,Rejected,11-Feb-2002,19,2,2,4,0.07288148275449016,0.7008239797820058
38,218,Adding a Built-In Set Object Type,Final,31-Jul-2000,19,2,1,3,0.05384577135850802,0.7546697511405139
24,204,Range Literals,Rejected,14-Jul-2000,19,2,1,3,0.040894670230153425,0.7955644213706673
266,448,Additional Unpacking Generalizations,Final,29-Jun-2013,19,1,0,1,0.03372749649284299,0.8292919178635103
96,276,Simple Iterator for ints,Rejected,12-Nov-2001,19,1,2,3,0.028697927776426733,0.8579898456399371
90,270,uniq method for list objects,Rejected,21-Aug-2001,19,0,1,1,0.023668359060010476,0.8816582046999475
94,274,Dict Comprehensions,Final,25-Oct-2001,19,0,1,1,0.023668359060010476,0.905326563759958
104,284,Integer for-loops,Rejected,01-Mar-2002,19,0,4,4,0.023668359060010476,0.9289949228199684
142,323,Copyable Iterators,Deferred,25-Oct-2003,19,0,1,1,0.023668359060010476,0.952663281879979
615,802,Display Syntax for the Empty Set,Draft,08-Aug-2025,19,0,2,2,0.023668359060010476,0.9763316409399894
685,3142,"Add a ""while"" clause to generator expressions",Rejected,12-Jan-2009,19,0,2,2,0.023668359060010476,0.9999999999999999
206,387,Backwards Compatibility Policy,Active,18-Jun-2009,20,6,2,8,0.18933203776023888,0.18933203776023888
111,291,Backward Compatibility for the Python 2 Standard Library,Superseded,06-Jun-2002,20,1,0,1,0.10686155311926102,0.2961935908794999
520,702,Marking deprecations using the type system,Final,30-Dec-2022,20,1,2,3,0.10686155311926102,0.4030551439987609
26,206,Python Advanced Library,Withdrawn,14-Jul-2000,20,1,0,1,0.08743387366709371,0.4904890176658546
376,558,Defined semantics for locals(),Withdrawn,08-Sep-2017,20,2,2,4,0.07328517546637561,0.5637741931322302
412,594,Removing dead batteries from the standard library,Final,20-May-2019,20,1,1,2,0.07180993230461899,0.6355841254368493
485,667,Consistent views of namespaces,Final,30-Jul-2021,20,1,2,3,0.05753999407822603,0.6931241195150752
527,709,Inlined comprehensions,Final,24-Feb-2023,20,1,0,1,0.05084964361819594,0.7439737631332712
524,706,Filter for tarfile.extractall,Final,09-Feb-2023,20,1,1,2,0.048829928494475865,0.792803691627747
415,597,Add optional EncodingWarning,Final,05-Jun-2019,20,1,0,1,0.03761216257038602,0.830415854198133
547,731,C API Working Group Charter,Active,11-Oct-2023,20,1,0,1,0.03761216257038602,0.868028016768519
395,577,Augmented Assignment Expressions,Withdrawn,14-May-2018,20,0,1,1,0.02639439664629618,0.8944224134148153
492,674,Disallow using macros as l-values,Deferred,30-Nov-2021,20,0,1,1,0.02639439664629618,0.9208168100611115
504,686,Make UTF-8 mode default,Final,18-Mar-2022,20,0,2,2,0.02639439664629618,0.9472112067074077
537,721,Using tarfile.data_filter for source distribution extraction,Final,12-Jul-2023,20,0,1,1,0.02639439664629618,0.9736056033537038
559,743,Add Py_OMIT_LEGACY_API to the Python C API,Rejected,11-Mar-2024,20,0,2,2,0.02639439664629618,1.0
253,435,Adding an Enum type to the Python standard library,Final,23-Feb-2013,21,3,1,4,0.21323593002450789,0.21323593002450789
173,354,Enumerations in Python,Superseded,20-Dec-2005,21,1,1,2,0.1999302032032277,0.4131661332277356
247,429,Python 3.4 Release Schedule,Final,17-Oct-2012,21,1,9,10,0.09271793654597993,0.5058840697737155
271,453,Explicit bootstrapping of pip in Python installations,Final,10-Aug-2013,21,4,1,5,0.08711156383924495,0.5929956336129605
433,615,Support for the IANA Time Zone Database in the Standard Library,Final,22-Feb-2020,21,1,2,3,0.06573531100996358,0.658730944622924
249,431,Time zone support improvements,Superseded,11-Dec-2012,21,2,1,3,0.05536730264833343,0.7140982472712575
263,445,Add new APIs to customize Python memory allocators,Final,15-Jun-2013,21,2,0,2,0.05074511297160384,0.7648433602428614
251,433,Easier suppression of file descriptor inheritance,Superseded,10-Jan-2013,21,1,0,1,0.041988417061617954,0.8068317773044793
264,446,Make newly created file descriptors non-inheritable,Final,05-Aug-2013,21,1,1,2,0.027429788803184786,0.8342615661076641
265,447,Add __getdescriptor__ method to metaclass,Deferred,12-Jun-2013,21,1,0,1,0.027429788803184786,0.8616913549108488
268,450,Adding A Statistics Module To The Standard Library,Final,01-Aug-2013,21,1,0,1,0.027429788803184786,0.8891211437140336
272,454,Add a new tracemalloc module to trace Python memory allocations,Final,03-Sep-2013,21,1,1,2,0.027429788803184786,0.9165509325172184
273,455,Adding a key-transforming dictionary to collections,Rejected,13-Sep-2013,21,1,0,1,0.027429788803184786,0.9439807213204032
295,477,Backport ensurepip (PEP 453) to Python 2.7,Final,26-Aug-2014,21,0,1,1,0.0186730928931989,0.9626538142136021
479,661,Sentinel Values,Deferred,06-Jun-2021,21,0,1,1,0.0186730928931989,0.981326907106801
529,711,PyBI: a standard format for distributing Python Binaries,Draft,06-Apr-2023,21,0,1,1,0.0186730928931989,0.9999999999999999
644,3101,Advanced String Formatting,Final,16-Apr-2006,22,6,0,6,0.1833091181731604,0.1833091181731604
35,215,String Interpolation,Superseded,24-Jul-2000,22,4,0,4,0.1344901148832121,0.3177992330563725
316,498,Literal String Interpolation,Final,01-Aug-2015,22,5,2,7,0.12214506727920041,0.4399443003355729
519,701,Syntactic formalization of f-strings,Accepted,15-Nov-2022,22,3,2,5,0.08208132759463091,0.5220256279302038
354,536,Final Grammar for Literal String Interpolation,Withdrawn,11-Dec-2016,22,1,2,3,0.06535322023497639,0.5873788481651803
319,501,General purpose template literal strings,Withdrawn,08-Aug-2015,22,3,6,9,0.0634464082487283,0.6508252564139085
197,378,Format Specifier for Thousands Separator,Final,12-Mar-2009,22,1,1,2,0.056367322306368706,0.7071925787202772
566,750,Template Strings,Final,08-Jul-2024,22,2,3,5,0.0524065279643296,0.7595991066846068
112,292,Simpler String Substitutions,Final,18-Jun-2002,22,2,1,3,0.04463706752533915,0.804236174209946
125,306,How to Change Python's Grammar,Withdrawn,29-Jan-2003,22,1,0,1,0.04341822157471796,0.847654395784664
320,502,String Interpolation - Extended Discussion,Rejected,10-Aug-2015,22,0,5,5,0.030469120843067212,0.8781235166277311
500,682,Format Specifier for Signed Zero,Final,29-Jan-2022,22,0,1,1,0.030469120843067212,0.9085926374707983
602,787,Safer subprocess usage using t-strings,Deferred,13-Apr-2025,22,0,2,2,0.030469120843067212,0.9390617583138655
669,3126,Remove Implicit String Concatenation,Rejected,29-Apr-2007,22,0,1,1,0.030469120843067212,0.9695308791569328
670,3127,Integer Literal Support and Syntax,Final,14-Mar-2007,22,0,2,2,0.030469120843067212,1.0
324,506,Adding A Secrets Module To The Standard Library,Final,19-Sep-2015,23,3,1,4,0.2288046826121611,0.2288046826121611
322,504,Using the System RNG by default,Withdrawn,15-Sep-2015,23,1,1,2,0.21309009009784263,0.44189477271000377
199,380,Syntax for Delegating to a Subgenerator,Final,13-Feb-2009,23,5,0,5,0.11968507371725146,0.5615798464272552
310,492,Coroutines with async and await syntax,Final,09-Apr-2015,23,3,4,7,0.06204890153349295,0.6236287479607482
340,522,Allow BlockingIOError in security sensitive APIs,Rejected,16-Jun-2016,23,1,2,3,0.05913167048561882,0.6827604184463669
343,525,Asynchronous Generators,Final,28-Jul-2016,23,3,2,5,0.047948232068349736,0.7307086505147167
342,524,Make os.urandom() blocking on Linux,Final,20-Jun-2016,23,2,1,3,0.04768389458441776,0.7783925450991345
699,3156,"Asynchronous IO Support Rebooted: the ""asyncio"" Module",Final,12-Dec-2012,23,2,3,5,0.04759605210559027,0.8259885972047247
691,3148,futures - execute computations asynchronously,Final,16-Oct-2009,23,1,0,1,0.03208590512065403,0.8580745023253787
297,479,Change StopIteration handling inside generators,Final,15-Nov-2014,23,1,1,2,0.031785748631028204,0.889860250956407
695,3152,Cofunctions,Rejected,13-Feb-2009,23,1,1,2,0.031785748631028204,0.9216459995874352
348,530,Asynchronous Comprehensions,Final,03-Sep-2016,23,1,2,3,0.022552932004621613,0.9441989315920568
312,494,Python 3.6 Release Schedule,Final,30-May-2015,23,0,4,4,0.018600356135981093,0.9627992877280379
611,798,Unpacking in Comprehensions,Accepted,19-Jul-2025,23,0,1,1,0.018600356135981093,0.981399643864019
688,3145,Asynchronous I/O For subprocess.Popen,Withdrawn,04-Aug-2009,23,0,1,1,0.018600356135981093,1.0
323,505,None-aware operators,Deferred,18-Sep-2015,24,3,2,5,0.19373066647827616,0.19373066647827616
349,531,Existence checking operators,Withdrawn,25-Oct-2016,24,2,1,3,0.1370079958598645,0.33073866233814064
350,532,A circuit breaking protocol and binary operators,Deferred,30-Oct-2016,24,2,4,6,0.13216011431185132,0.462898776649992
154,335,Overloadable Boolean Operators,Rejected,29-Aug-2004,24,3,0,3,0.08921028267514952,0.5521090593251415
230,412,Key-Sharing Dictionary,Final,08-Feb-2012,24,2,0,2,0.06199860542835005,0.6141076647534915
328,510,Specialize functions with guards,Rejected,04-Jan-2016,24,2,0,2,0.058796696041882535,0.6729043607953741
353,535,Rich comparison chaining,Deferred,12-Nov-2016,24,1,2,3,0.05467353653748103,0.7275778973328552
327,509,Add a private version to dict,Superseded,04-Jan-2016,24,1,2,3,0.04919096788247998,0.7767688652153351
170,351,The freeze protocol,Rejected,14-Apr-2005,24,2,0,2,0.048625981821094094,0.8253948470364292
234,416,Add a frozendict builtin type,Rejected,29-Feb-2012,24,1,2,3,0.03412338609106637,0.8595182331274955
421,603,Adding a frozenmap type to collections,Draft,12-Sep-2019,24,1,0,1,0.03412338609106637,0.8936416192185619
329,511,API for code transformers,Rejected,04-Jan-2016,24,0,2,2,0.026589595195359562,0.9202312144139215
463,645,Allow writing optional types as ``x?``,Withdrawn,25-Aug-2020,24,0,1,1,0.026589595195359562,0.946820809609281
517,699,Remove private dict version field added in PEP 509,Accepted,03-Oct-2022,24,0,1,1,0.026589595195359562,0.9734104048046406
625,814,Add frozendict built-in type,Final,12-Nov-2025,24,0,3,3,0.026589595195359562,1.0000000000000002
645,3102,Keyword-Only Arguments,Final,22-Apr-2006,25,4,0,4,0.2139153680615829,0.2139153680615829
658,3115,Metaclasses in Python 3000,Final,07-Mar-2007,25,3,1,4,0.10450869384159739,0.3184240619031803
673,3130,Access to Current Module/Class/Function,Rejected,22-Apr-2007,25,2,0,2,0.07927734933368769,0.397701411236868
678,3135,New Super,Final,28-Apr-2007,25,2,2,4,0.06828009934396939,0.46598151058083737
656,3113,Removal of Tuple Parameter Unpacking,Final,02-Mar-2007,25,2,1,3,0.06761177208668175,0.5335932826675192
388,570,Python Positional-Only Parameters,Final,20-Jan-2018,25,1,3,4,0.06485668051612961,0.5984499631836487
240,422,Simpler customisation of class creation,Withdrawn,05-Jun-2012,25,2,3,5,0.06360630482182107,0.6620562680054698
305,487,Simpler customisation of class creation,Final,27-Feb-2015,25,2,3,5,0.06360630482182107,0.7256625728272909
186,367,New Super,Superseded,28-Apr-2007,25,1,2,3,0.05563318840882948,0.7812957612361203
191,372,Adding an ordered dictionary to collections,Final,15-Jun-2008,25,1,1,2,0.0492363816245521,0.8305321428606725
275,457,Notation For Positional-Only Parameters,Final,08-Oct-2013,25,1,1,2,0.04498952252665134,0.8755216653873238
338,520,Preserving Class Attribute Definition Order,Final,07-Jun-2016,25,1,2,3,0.04463593841911119,0.920157603806435
194,375,Python 3.1 Release Schedule,Final,08-Feb-2009,25,0,1,1,0.0266141320645217,0.9467717358709566
552,736,Shorthand syntax for keyword arguments at invocation,Rejected,28-Nov-2023,25,0,1,1,0.0266141320645217,0.9733858679354783
657,3114,Renaming iterator.next() to iterator.__next__(),Final,04-Mar-2007,25,0,1,1,0.0266141320645217,1.0
0,1,PEP Purpose and Guidelines,Active,13-Jun-2000,26,6,3,9,0.24111230529281918,0.24111230529281918
11,12,Sample reStructuredText PEP Template,Active,05-Aug-2002,26,4,1,5,0.1419373195167632,0.3830496248095824
494,676,PEP Infrastructure Process,Active,01-Nov-2021,26,1,2,3,0.08505896548484981,0.4681085902944322
545,729,Typing governance process,Active,19-Sep-2023,26,1,3,4,0.08505896548484981,0.553167555779282
107,287,reStructuredText Docstring Format,Active,25-Mar-2002,26,3,4,7,0.0730563190713462,0.6262238748506282
44,224,Attribute Docstrings,Rejected,23-Aug-2000,26,2,0,2,0.058475391950673916,0.6846992668013021
76,256,Docstring Processing System Framework,Rejected,01-Jun-2001,26,3,3,6,0.05614110648396806,0.7408403732852702
78,258,Docutils Design Specification,Rejected,31-May-2001,26,2,6,8,0.04950925757912685,0.790349630864397
534,718,Subscriptable functions,Draft,23-Jun-2023,26,1,0,1,0.040844261467585775,0.8311938923319828
543,727,Documentation in Annotated Metadata,Withdrawn,28-Aug-2023,26,1,1,2,0.040844261467585775,0.8720381537995686
77,257,Docstring Conventions,Active,29-May-2001,26,2,2,4,0.03966519882345423,0.9117033526230228
36,216,Docstring Format,Withdrawn,31-Jul-2000,26,2,1,3,0.03928311471196284,0.9509864673349857
8,9,Sample Plaintext PEP Template,Withdrawn,14-Aug-2001,26,1,2,3,0.03226918169563024,0.9832556490306159
46,226,Python 2.1 Release Schedule,Final,16-Oct-2000,26,0,1,1,0.01674435096938387,0.9999999999999998
31,211,Adding A New Outer Product Operator,Rejected,15-Jul-2000,27,4,3,7,0.22545989347981077,0.22545989347981077
283,465,A dedicated infix operator for matrix multiplication,Final,20-Feb-2014,27,5,2,7,0.20669307027141157,0.43215296375122236
45,225,Elementwise/Objectwise Operators,Rejected,19-Sep-2000,27,3,2,5,0.19059838832091566,0.6227513520721379
29,209,Multi-dimensional Arrays,Withdrawn,03-Jan-2001,27,1,4,5,0.08474639748827559,0.7074977495604136
27,207,Rich Comparisons,Final,25-Jul-2000,27,2,0,2,0.07191821284685336,0.779415962407267
28,208,Reworking the Coercion Model,Final,04-Dec-2000,27,1,1,2,0.03887475566410203,0.818290718071369
259,441,Improving Python ZIP Application Support,Final,30-Mar-2013,27,1,0,1,0.023822174157131927,0.8421128922285009
289,471,os.scandir() function -- a better and faster directory iterator,Final,30-May-2014,27,1,0,1,0.023822174157131927,0.8659350663856328
293,475,Retry system calls failing with EINTR,Final,29-Jul-2014,27,1,0,1,0.023822174157131927,0.8897572405427647
303,485,A Function for testing approximate equality,Final,20-Jan-2015,27,1,0,1,0.023822174157131927,0.9135794146998967
306,488,Elimination of PYO files,Final,20-Feb-2015,27,1,1,2,0.023822174157131927,0.9374015888570286
23,203,Augmented Assignments,Final,13-Jul-2000,27,0,1,1,0.020866137047657073,0.9582677259046857
296,478,Python 3.5 Release Schedule,Final,22-Sep-2014,27,0,6,6,0.020866137047657073,0.9791338629523427
631,820,PySlot: Unified slot system for the C API,Draft,19-Dec-2025,27,0,1,1,0.020866137047657073,0.9999999999999998
245,427,The Wheel Binary Package Format 1.0,Final,20-Sep-2012,28,7,1,8,0.38357701230134755,0.38357701230134755
243,425,Compatibility Tags for Built Distributions,Final,27-Jul-2012,28,7,1,8,0.3813498428585386,0.7649268551598862
331,513,A Platform Tag for Portable Linux Built Distributions,Superseded,19-Jan-2016,28,3,3,6,0.030976597375878268,0.7959034525357644
309,491,The Wheel Binary Package Format 1.9,Deferred,16-Apr-2015,28,2,2,4,0.027742248514735272,0.8236457010504997
486,668,Marking Python base environments as “externally managed”,Accepted,18-May-2021,28,1,2,3,0.02462193681478647,0.8482676378652861
445,627,Recording installed projects,Final,15-Jul-2020,28,1,0,1,0.023773478181303966,0.8720411160465902
389,571,The manylinux2010 Platform Tag,Superseded,05-Feb-2018,28,2,2,4,0.021737963070791767,0.893779079117382
345,527,Removing Un(der)used file types/extensions on PyPI,Final,23-Aug-2016,28,1,0,1,0.018965545924903095,0.912744625042285
418,600,Future 'manylinux' Platform Tags for Portable Linux Built Distributions,Final,03-May-2019,28,1,4,5,0.01708008229494197,0.929824707337227
417,599,The manylinux2014 Platform Tag,Superseded,29-Apr-2019,28,1,3,4,0.016938672522694882,0.9467633798599219
474,656,Platform Tag for Linux Distributions Using Musl,Final,17-Mar-2021,28,0,3,3,0.013309155035019716,0.9600725348949416
522,704,Require virtual environments by default for package installers,Withdrawn,16-Jan-2023,28,0,1,1,0.013309155035019716,0.9733816899299613
533,715,Disabling bdist_egg distribution uploads on PyPI,Final,06-Jun-2023,28,0,2,2,0.013309155035019716,0.986690844964981
593,777,How to Re-invent the Wheel,Draft,09-Oct-2024,28,0,2,2,0.013309155035019716,1.0000000000000007
279,461,Adding % formatting to bytes and bytearray,Final,13-Jan-2014,29,2,1,3,0.19043174236897215,0.19043174236897215
278,460,Add binary interpolation and formatting,Withdrawn,06-Jan-2014,29,1,1,2,0.18509027774932124,0.3755220201182934
661,3118,Revising the buffer protocol,Final,28-Aug-2006,29,4,0,4,0.1456847390371585,0.5212067591554519
177,358,"The ""bytes"" Object",Final,15-Feb-2006,29,2,2,4,0.12445991792464339,0.6456666770800953
680,3137,Immutable Bytes and Mutable Buffer,Final,26-Sep-2007,29,2,1,3,0.08599575685895625,0.7316624339390515
655,3112,Bytes literals in Python 3000,Final,23-Feb-2007,29,1,1,2,0.07612374575018789,0.8077861796892394
116,296,Adding a bytes Object Type,Withdrawn,12-Jul-2002,29,1,1,2,0.0429722775010304,0.8507584571902698
254,436,The Argument Clinic DSL,Final,22-Feb-2013,29,1,0,1,0.03310026639226205,0.8838587235825319
118,298,The Locked Buffer Interface,Withdrawn,26-Jul-2002,29,0,1,1,0.02322825528349369,0.9070869788660255
255,437,"A DSL for specifying signatures, annotations and argument converters",Rejected,11-Mar-2013,29,0,2,2,0.02322825528349369,0.9303152341495192
285,467,Minor API improvements for binary sequences,Draft,30-Mar-2014,29,0,2,2,0.02322825528349369,0.9535434894330129
392,574,Pickle protocol 5 with out-of-band data,Final,23-Mar-2018,29,0,1,1,0.02322825528349369,0.9767717447165066
506,688,Making the buffer protocol accessible in Python,Final,23-Apr-2022,29,0,1,1,0.02322825528349369,1.0000000000000002
97,277,Unicode file name support for Windows NT,Final,11-Jan-2002,30,1,0,1,0.0859512302925086,0.0859512302925086
113,293,Codec Error Handling Callbacks,Final,18-Jun-2002,30,1,0,1,0.0859512302925086,0.1719024605850172
174,355,Path - Object oriented filesystem paths,Rejected,24-Jan-2006,30,1,0,1,0.0859512302925086,0.2578536908775258
229,411,Provisional packages in the Python standard library,Superseded,10-Feb-2012,30,1,6,7,0.0859512302925086,0.3438049211700344
1,2,Procedure for Adding New Modules,Active,07-Jul-2001,30,2,0,2,0.07687819889694732,0.4206831200669817
187,368,Standard image protocol and class,Deferred,28-Jun-2007,30,2,0,2,0.07687819889694732,0.4975613189639291
686,3143,Standard daemon process library,Deferred,26-Jan-2009,30,2,0,2,0.07687819889694732,0.5744395178608763
687,3144,IP Address Manipulation Library for the Python Standard Library,Final,06-Feb-2012,30,2,0,2,0.07687819889694732,0.6513177167578237
696,3153,Asynchronous IO support,Superseded,29-May-2011,30,2,0,2,0.07687819889694732,0.728195915654771
202,383,Non-decodable Bytes in System Character Interfaces,Final,22-Apr-2009,30,1,2,3,0.07628240353151383,0.8044783191862849
246,428,The pathlib module -- object-oriented filesystem paths,Final,30-Jul-2012,30,1,2,3,0.07628240353151383,0.8807607227177987
226,408,Standard library __preview__ package,Rejected,07-Jan-2012,30,1,5,6,0.065707808476892,0.9464685311946907
337,519,Adding a file system path protocol,Final,11-May-2016,30,0,2,2,0.05353146880530931,1.0
203,384,Defining a Stable ABI,Final,17-May-2009,31,6,1,7,0.36699338888279326,0.36699338888279326
692,3149,ABI version tagged .so files,Final,09-Jul-2010,31,2,1,3,0.3297522231184222,0.6967456120012154
398,580,The C call protocol,Rejected,14-Jun-2018,31,4,5,9,0.06642975005233898,0.7631753620535544
211,393,Flexible String Representation,Final,24-Jan-2010,31,3,1,4,0.04809374999999999,0.8112691120535545
394,576,Rationalize Built-in function classes,Withdrawn,10-May-2018,31,3,1,4,0.03753312122922922,0.8488022332827837
397,579,Refactoring C functions and methods,Final,04-Jun-2018,31,2,5,7,0.03207959078914727,0.8808818240719309
393,575,Unifying function/method classes,Withdrawn,27-Mar-2018,31,2,3,5,0.029246587964034478,0.9101284120359654
408,590,Vectorcall: a fast calling protocol for CPython,Final,29-Mar-2019,31,2,3,5,0.029246587964034478,0.9393749999999998
441,623,Remove wstr from Unicode,Final,25-Jun-2020,31,1,1,2,0.023125,0.9624999999999999
442,624,Remove Py_UNICODE encoder APIs,Final,06-Jul-2020,31,0,1,1,0.0125,0.9749999999999999
536,720,Cross-compiling Python packages,Draft,01-Jul-2023,31,0,2,2,0.0125,0.9874999999999999
572,756,Add PyUnicode_Export() and PyUnicode_Import() C functions,Withdrawn,13-Sep-2024,31,0,1,1,0.0125,0.9999999999999999
10,11,CPython platform support,Active,07-Jul-2002,32,7,0,7,0.39031393338999104,0.39031393338999104
592,776,Emscripten Support,Draft,18-Mar-2025,32,2,1,3,0.10583806662203558,0.49615200001202664
560,744,JIT Compilation,Draft,11-Apr-2024,32,1,1,2,0.07427221870775712,0.5704242187197838
591,775,Make zlib required to build CPython,Withdrawn,24-Feb-2025,32,1,1,2,0.07427221870775712,0.6446964374275409
546,730,Adding iOS as a supported platform,Final,09-Oct-2023,32,1,1,2,0.05720977677278584,0.7019062142003267
599,783,Emscripten Packaging,Draft,28-Mar-2025,32,1,1,2,0.05720977677278584,0.7591159909731126
357,539,A New C-API for Thread-Local Storage in CPython,Final,20-Dec-2016,32,0,1,1,0.04014733483781457,0.7992633258109271
554,738,Adding Android as a supported platform,Final,12-Dec-2023,32,0,2,2,0.04014733483781457,0.8394106606487417
590,774,Removing the LLVM requirement for JIT builds,Deferred,27-Jan-2025,32,0,1,1,0.04014733483781457,0.8795579954865562
600,784,Adding Zstandard to the standard library,Final,06-Apr-2025,32,0,1,1,0.04014733483781457,0.9197053303243709
627,816,WASI Support,Active,05-Nov-2025,32,0,1,1,0.04014733483781457,0.9598526651621854
629,818,Adding the Core of the Pyodide Foreign Function Interface to Python,Draft,10-Dec-2025,32,0,2,2,0.04014733483781457,1.0
127,308,Conditional Expressions,Final,07-Feb-2003,33,4,0,4,0.21973514969953753,0.21973514969953753
137,318,Decorators for Functions and Methods,Final,05-Jun-2003,33,1,2,3,0.1931551104214719,0.41289026012100943
672,3129,Class Decorators,Final,01-May-2007,33,2,1,3,0.17081600010991568,0.5837062602309251
128,309,Partial Function Application,Final,08-Feb-2003,33,1,0,1,0.05611331327026955,0.6398195735011947
160,341,Unifying try-except and try-finally,Final,04-May-2005,33,1,0,1,0.05611331327026955,0.6959328867714643
172,353,Using ssize_t as the index type,Final,18-Dec-2005,33,1,0,1,0.05611331327026955,0.7520462000417337
176,357,Allowing Any Object to be Used for Slicing,Final,09-Feb-2006,33,1,0,1,0.05611331327026955,0.8081595133120033
131,312,Simple Implicit Lambda,Deferred,11-Feb-2003,33,0,1,1,0.04796012167199924,0.8561196349840026
175,356,Python 2.5 Release Schedule,Final,07-Feb-2006,33,0,5,5,0.04796012167199924,0.9040797566560018
281,463,Exception-catching expressions,Rejected,15-Feb-2014,33,0,1,1,0.04796012167199924,0.9520398783280011
676,3133,Introducing Roles,Rejected,01-May-2007,33,0,1,1,0.04796012167199924,1.0000000000000002
477,659,Specializing Adaptive Interpreter,Final,13-Apr-2021,34,3,0,3,0.19750381521111784,0.19750381521111784
341,523,Adding a frame evaluation API to CPython,Final,16-May-2016,34,2,0,2,0.16661411734745868,0.3641179325585765
260,442,Safe object finalization,Final,18-May-2013,34,1,0,1,0.1014773113042418,0.4655952438628183
488,670,Convert macros to functions in the Python C API,Final,19-Oct-2021,34,1,0,1,0.1014773113042418,0.5670725551670601
438,620,Hide implementation details from the C API,Withdrawn,19-Jun-2020,34,1,2,3,0.09006160857772255,0.6571341637447827
507,689,Unstable C API tier,Final,22-Apr-2022,34,1,1,2,0.09006160857772255,0.7471957723225052
487,669,Low Impact Monitoring for CPython,Final,18-Aug-2021,34,0,2,2,0.06320105691937375,0.810396829241879
525,707,A simplified signature for __exit__ and __aexit__,Rejected,18-Feb-2023,34,0,1,1,0.06320105691937375,0.8735978861612528
549,733,An Evaluation of Python's Public C API,Final,16-Oct-2023,34,0,2,2,0.06320105691937375,0.9367989430806265
612,799,A dedicated ``profiling`` package for organizing Python profiling tools,Accepted,21-Jul-2025,34,0,1,1,0.06320105691937375,1.0000000000000002
73,253,Subtyping Built-in Types,Final,14-May-2001,35,2,2,4,0.2943477695230242,0.2943477695230242
72,252,Making Types Look More Like Classes,Final,19-Apr-2001,35,3,1,4,0.26979545214028494,0.5641432216633091
74,254,Making Classes Look More Like Types,Rejected,18-Jun-2001,35,1,0,1,0.17576575762464916,0.7399089792879583
33,213,Attribute Access Handlers,Deferred,21-Jul-2000,35,1,1,2,0.0937342263620547,0.833643205650013
57,237,Unifying Long Integers and Integers,Final,11-Mar-2001,35,1,0,1,0.06502275517801034,0.8986659608280234
51,231,__findattr__(),Rejected,30-Nov-2000,35,0,1,1,0.05066701958598817,0.9493329804140115
71,251,Python 2.2 Release Schedule,Final,17-Apr-2001,35,0,3,3,0.05066701958598817,0.9999999999999997
455,637,Support for indexing with keyword arguments,Rejected,24-Aug-2020,36,2,2,4,0.2775719953353708,0.2775719953353708
286,468,Preserving the order of \*\*kwargs in a function.,Final,05-Apr-2014,36,1,0,1,0.18045356605443127,0.4580255613898021
290,472,Support for indexing with keyword arguments,Rejected,24-Jun-2014,36,1,1,2,0.16130818290759477,0.6193337442973968
464,646,Variadic Generics,Final,16-Sep-2020,36,1,1,2,0.16130818290759477,0.7806419272049916
465,647,User-Defined Type Guards,Final,07-Oct-2020,36,2,1,3,0.11425696827424314,0.8948988954792347
540,724,Stricter Type Guards,Withdrawn,28-Jul-2023,36,1,1,2,0.06176048764687797,0.9566593831261128
558,742,Narrowing types with TypeIs,Final,07-Feb-2024,36,0,2,2,0.043340616873887135,0.9999999999999999
385,567,Context Variables,Final,12-Dec-2017,37,3,2,5,0.32259353944035346,0.32259353944035346
368,550,Execution Context,Withdrawn,11-Aug-2017,37,3,2,5,0.2504705779033388,0.5730641173436923
386,568,Generator-sensitivity for Context Variables,Deferred,04-Jan-2018,37,2,2,4,0.17576855908021013,0.7488326764239024
339,521,Managing global context via 'with' blocks in generators and coroutines,Withdrawn,27-Apr-2015,37,1,1,2,0.13399558286493415,0.8828282592888366
351,533,Deterministic cleanup for iterators,Deferred,18-Oct-2016,37,2,0,2,0.05037392823708434,0.9332021875259209
604,789,Preventing task-cancellation bugs by limiting yield in async generators,Draft,14-May-2024,37,1,3,4,0.03925234779774276,0.9724545353236637
618,806,Mixed sync/async context managers with precise async marking,Draft,05-Sep-2025,37,0,2,2,0.027545464676336215,0.9999999999999999
333,515,Underscores in Numeric Literals,Final,10-Feb-2016,38,1,0,1,0.2384737584719806,0.2384737584719806
475,657,Include Fine Grained Error Locations in Tracebacks,Final,08-May-2021,38,1,0,1,0.17315997769576022,0.4116337361677408
493,675,Arbitrary Literal String Type,Final,30-Nov-2021,38,1,0,1,0.17315997769576022,0.5847937138635011
459,641,Using an underscore in the version portion of Python 3.10 compatibility tags,Rejected,20-Oct-2020,38,1,1,2,0.1536800446084793,0.7384737584719804
482,664,Python 3.11 Release Schedule,Active,12-Jul-2021,38,1,2,3,0.1536800446084793,0.8921538030804597
637,2026,Calendar versioning for Python,Rejected,11-Jun-2024,38,0,2,2,0.10784619691953984,0.9999999999999996
34,214,Extended Print Statement,Final,24-Jul-2000,39,1,0,1,0.37012974744707666,0.37012974744707666
43,223,Change the Meaning of ``\x`` Escapes,Final,20-Aug-2000,39,1,0,1,0.37012974744707666,0.7402594948941533
20,200,Python 2.0 Release Schedule,Final,12-Jul-2000,39,0,2,2,0.25974050510584634,0.9999999999999997
15,100,Python Unicode Integration,Final,10-Mar-2000,40,1,0,1,0.37012974744707666,0.37012974744707666
659,3116,New I/O,Final,26-Feb-2007,40,1,0,1,0.37012974744707666,0.7402594948941533
218,400,Deprecate codecs.StreamReader and codecs.StreamWriter,Deferred,28-May-2011,40,0,2,2,0.25974050510584634,0.9999999999999997
399,581,Using GitHub Issues for CPython,Final,20-Jun-2018,41,2,1,3,0.475,0.475
406,588,GitHub Issues Migration Plan,Final,27-Mar-2019,41,2,1,3,0.475,0.95
413,595,Improving bugs.python.org,Withdrawn,12-May-2019,41,0,2,2,0.05,1.0
68,248,Python Database API Specification v1.0,Final,08-May-1996,42,1,0,1,0.649122638064138,0.649122638064138
69,249,Python Database API Specification v2.0,Final,12-Apr-1999,42,0,1,1,0.3508773619358619,0.9999999999999998
67,247,API for Cryptographic Hash Functions,Final,23-Mar-2001,43,1,0,1,0.649122638064138,0.649122638064138
270,452,API for Cryptographic Hash Functions v2.0,Final,15-Aug-2013,43,0,1,1,0.3508773619358619,0.9999999999999998
649,3106,"Revamping dict.keys(), .values() and .items()",Final,19-Dec-2006,44,1,0,1,0.649122638064138,0.649122638064138
287,469,Migration of dict iteration code to Python 3,Withdrawn,18-Apr-2014,44,0,1,1,0.3508773619358619,0.9999999999999998
681,3138,String representation in Python 3000,Final,05-May-2008,45,1,0,1,0.649122638064138,0.649122638064138
683,3140,"str(container) should call str(item), not repr(item)",Rejected,27-May-2008,45,0,1,1,0.3508773619358619,0.9999999999999998
9,10,Voting Guidelines,Active,07-Mar-2002,46,0,0,0,,
18,103,Collecting information about git,Withdrawn,01-Jun-2015,46,0,0,0,,
19,160,Python 1.6 Release Schedule,Final,25-Jul-2000,46,0,0,0,,
25,205,Weak References,Final,14-Jul-2000,46,0,0,0,,
30,210,Decoupling the Interpreter Loop,Rejected,15-Jul-2000,46,0,0,0,,
37,217,Display Hook for Interactive Use,Final,31-Jul-2000,46,0,0,0,,
41,221,Import As,Final,15-Aug-2000,46,0,0,0,,
42,222,Web Library Enhancements,Deferred,18-Aug-2000,46,0,0,0,,
49,229,Using Distutils to Build Python,Final,16-Nov-2000,46,0,0,0,,
62,242,Numeric Kinds,Withdrawn,17-Mar-2001,46,0,0,0,,
70,250,Using site-packages on Windows,Final,30-Mar-2001,46,0,0,0,,
79,259,Omit printing newline after newline,Rejected,11-Jun-2001,46,0,0,0,,
80,260,Simplify xrange(),Final,26-Jun-2001,46,0,0,0,,
81,261,"Support for ""wide"" Unicode characters",Final,27-Jun-2001,46,0,0,0,,
85,265,Sorting Dictionaries by Value,Rejected,08-Aug-2001,46,0,0,0,,
88,268,Extended HTTP functionality and WebDAV,Rejected,20-Aug-2001,46,0,0,0,,
91,271,Prefixing sys.path by command line option,Rejected,15-Aug-2001,46,0,0,0,,
92,272,API for Block Encryption Algorithms v1.0,Final,18-Sep-2001,46,0,0,0,,
115,295,Interpretation of multiline string constants,Rejected,22-Jul-2002,46,0,0,0,,
117,297,Support for System Upgrades,Rejected,19-Jul-2001,46,0,0,0,,
122,303,Extend divmod() for Multiple Divisors,Rejected,31-Dec-2002,46,0,0,0,,
135,316,Programming by Contract for Python,Deferred,02-May-2003,46,0,0,0,,
140,321,Date/Time Parsing and Formatting,Withdrawn,16-Sep-2003,46,0,0,0,,
145,326,A Case for Top and Bottom Values,Rejected,20-Dec-2003,46,0,0,0,,
149,330,Python Bytecode Verification,Rejected,17-Jun-2004,46,0,0,0,,
150,331,Locale-Independent Float/String Conversions,Final,19-Jul-2003,46,0,0,0,,
151,332,Byte vectors and String/Unicode Unification,Rejected,11-Aug-2004,46,0,0,0,,
155,336,Make None Callable,Rejected,28-Oct-2004,46,0,0,0,,
158,339,Design of the CPython Compiler,Withdrawn,02-Feb-2005,46,0,0,0,,
168,349,Allow str() to return unicode strings,Rejected,02-Aug-2005,46,0,0,0,,
169,350,Codetags,Rejected,27-Jun-2005,46,0,0,0,,
182,363,Syntax For Dynamic Attribute Access,Rejected,29-Jan-2007,46,0,0,0,,
184,365,Adding the pkg_resources module,Rejected,30-Apr-2007,46,0,0,0,,
198,379,Adding an Assignment Expression,Withdrawn,14-Mar-2009,46,0,0,0,,
207,389,argparse - New Command Line Parsing Module,Final,25-Sep-2009,46,0,0,0,,
219,401,BDFL Retirement,April Fool!,01-Apr-2009,46,0,0,0,,
237,419,Protecting cleanup statements from interruptions,Deferred,06-Apr-2012,46,0,0,0,,
242,424,A method for exposing a length hint,Final,14-Jul-2012,46,0,0,0,,
248,430,Migrating to Python 3 as the default online documentation,Final,27-Oct-2012,46,0,0,0,,
252,434,IDLE Enhancement Exception for All Branches,Active,16-Feb-2013,46,0,0,0,,
291,473,Adding structured data to built-in exceptions,Rejected,29-Mar-2014,46,0,0,0,,
360,542,Dot Notation Assignment In Function Header,Rejected,10-Feb-2017,46,0,0,0,,
363,545,Python Documentation Translations,Active,04-Mar-2017,46,0,0,0,,
373,555,Context-local variables (contextvars),Withdrawn,06-Sep-2017,46,0,0,0,,
374,556,Threaded garbage collection,Deferred,08-Sep-2017,46,0,0,0,,
400,582,Python local packages directory,Rejected,16-May-2018,46,0,0,0,,
401,583,A Concurrency Memory Model for Python,Withdrawn,22-Mar-2008,46,0,0,0,,
429,611,The one million limit,Withdrawn,05-Dec-2019,46,0,0,0,,
446,628,Add ``math.tau``,Final,28-Jun-2011,46,0,0,0,,
466,648,Extensible customizations of the interpreter at startup,Rejected,30-Dec-2020,46,0,0,0,,
469,651,Robust Stack Overflow Handling,Rejected,18-Jan-2021,46,0,0,0,,
481,663,"Standardizing Enum str(), repr(), and format() behaviors",Rejected,30-Jun-2021,46,0,0,0,,
484,666,Reject Foolish Indentation,Rejected,03-Dec-2001,46,0,0,0,,
497,679,New assert statement syntax with parentheses,Rejected,07-Jan-2022,46,0,0,0,,
548,732,The Python Documentation Editorial Board,Active,14-Oct-2023,46,0,0,0,,
570,754,IEEE 754 Floating Point Special Values,Rejected,28-Mar-2003,46,0,0,0,,
573,757,C API to import-export Python integers,Final,13-Sep-2024,46,0,0,0,,
574,758,Allow ``except`` and ``except*`` expressions without parentheses,Final,30-Sep-2024,46,0,0,0,,
584,768,Safe external debugger interface for CPython,Final,25-Nov-2024,46,0,0,0,,
585,769,"Add a 'default' keyword argument to 'attrgetter', 'itemgetter' and 'getitem'",Rejected,22-Dec-2024,46,0,0,0,,
598,782,Add PyBytesWriter C API,Final,27-Mar-2025,46,0,0,0,,
606,791,math.integer --- submodule for integer-specific mathematics functions,Final,12-May-2025,46,0,0,0,,
609,794,Import Name Metadata,Accepted,05-Jun-2025,46,0,0,0,,
613,800,Disjoint bases in the type system,Draft,21-Jul-2025,46,0,0,0,,
614,801,Reserved,Active,21-Jun-2018,46,0,0,0,,
623,811,Defining Python Security Response Team membership and responsibilities,Accepted,22-Oct-2025,46,0,0,0,,
624,813,The Pretty Print Protocol,Draft,07-Nov-2025,46,0,0,0,,
626,815,Deprecate ``RECORD.jws`` and ``RECORD.p7s``,Final,04-Dec-2025,46,0,0,0,,
633,822,Dedented Multiline String (d-string),Draft,05-Jan-2026,46,0,0,0,,
666,3123,Making PyObject_HEAD conform to standard C,Final,27-Apr-2007,46,0,0,0,,
668,3125,Remove Backslash Continuation,Rejected,29-Apr-2007,46,0,0,0,,
671,3128,BList: A Faster List-like Type,Rejected,30-Apr-2007,46,0,0,0,,
675,3132,Extended Iterable Unpacking,Final,30-Apr-2007,46,0,0,0,,
679,3136,Labeled break and continue,Rejected,30-Jun-2007,46,0,0,0,,
